Country,Year,Attack Type,Target Industry,Financial Loss (in Million $),Number of Affected Users,Attack Source,Security Vulnerability Type,Defense Mechanism Used,Incident Resolution Time (in Hours),Loss per User,Time Period
China,2019,Phishing,Education,80.53,773169,Hacker Group,Unpatched Software,VPN,63,104.15575378733499,2015-2019
China,2019,Ransomware,Retail,62.19,295961,Hacker Group,Unpatched Software,Firewall,71,210.1290372718027,2015-2019
India,2017,Man-In-The-Middle,IT,38.65,605895,Hacker Group,Weak Passwords,VPN,20,63.78993059853605,2015-2019
Uk,2024,Ransomware,Telecommunications,41.44,659320,Nation-state,Social Engineering,AI-based Detection,7,62.85263604926288,2020-2024
Germany,2018,Man-In-The-Middle,IT,74.41,810682,Insider,Social Engineering,VPN,68,91.78691521459709,2015-2019
Germany,2017,Man-In-The-Middle,Retail,98.24,285201,Unknown,Social Engineering,Antivirus,25,344.4588202706162,2015-2019
Germany,2016,Ddos,Telecommunications,33.26,431262,Insider,Unpatched Software,VPN,34,77.12249166400007,2015-2019
France,2018,Sql Injection,Government,59.23,909991,Unknown,Social Engineering,Antivirus,66,65.08855582088175,2015-2019
India,2016,Man-In-The-Middle,Banking,16.88,698249,Unknown,Social Engineering,VPN,47,24.174757142509335,2015-2019
Uk,2023,Ddos,Healthcare,69.14,685927,Hacker Group,Unpatched Software,Firewall,58,100.79789831862574,2020-2024
China,2019,Phishing,Telecommunications,88.67,493675,Unknown,Zero-day,VPN,29,179.6120929761483,2015-2019
China,2016,Sql Injection,Healthcare,38.81,920768,Hacker Group,Unpatched Software,AI-based Detection,27,42.14959685827483,2015-2019
India,2019,Ransomware,Education,30.56,583204,Insider,Zero-day,Firewall,37,52.40018929911317,2015-2019
France,2023,Ddos,Healthcare,58.37,599797,Nation-state,Unpatched Software,AI-based Detection,35,97.31625866751584,2020-2024
France,2024,Ddos,IT,48.01,922258,Unknown,Social Engineering,Encryption,64,52.057016583212075,2020-2024
Australia,2022,Phishing,Banking,64.31,120789,Nation-state,Zero-day,Encryption,36,532.4160312611248,2020-2024
Russia,2017,Man-In-The-Middle,Healthcare,13.04,850158,Hacker Group,Unpatched Software,AI-based Detection,67,15.338325346582636,2015-2019
India,2015,Ddos,IT,93.14,805278,Insider,Social Engineering,Encryption,56,115.6619204796356,2015-2019
Uk,2019,Malware,Telecommunications,14.01,578443,Insider,Social Engineering,Firewall,28,24.22019109920943,2015-2019
India,2016,Ddos,IT,36.45,261808,Nation-state,Social Engineering,AI-based Detection,6,139.22416427305507,2015-2019
Brazil,2015,Ransomware,Retail,49.55,920172,Hacker Group,Weak Passwords,Antivirus,43,53.84862829992654,2015-2019
France,2023,Ransomware,Education,17.72,261661,Insider,Social Engineering,VPN,11,67.72121179694338,2020-2024
India,2017,Ddos,Government,76.71,246205,Nation-state,Unpatched Software,Firewall,30,311.5696269369022,2015-2019
Japan,2022,Phishing,Telecommunications,20.42,186148,Nation-state,Weak Passwords,Antivirus,32,109.69765992651008,2020-2024
Brazil,2023,Ddos,Telecommunications,51.84,699007,Hacker Group,Social Engineering,VPN,30,74.16234744430314,2020-2024
China,2021,Phishing,Retail,51.06,628562,Insider,Zero-day,AI-based Detection,52,81.23303667736835,2020-2024
Japan,2022,Malware,Education,53.04,570494,Nation-state,Unpatched Software,VPN,53,92.97205579725642,2020-2024
Japan,2022,Ransomware,Banking,26.17,937653,Insider,Unpatched Software,Encryption,24,27.910111736431283,2020-2024
France,2020,Malware,IT,87.32,599757,Unknown,Social Engineering,Antivirus,9,145.59229821411006,2020-2024
Australia,2015,Ddos,Government,82.7,904805,Hacker Group,Zero-day,Encryption,61,91.40090958825382,2015-2019
Uk,2022,Sql Injection,Education,66.24,678876,Hacker Group,Social Engineering,AI-based Detection,11,97.57304721333497,2020-2024
France,2020,Malware,Telecommunications,18.38,246900,Hacker Group,Zero-day,AI-based Detection,34,74.44309437019037,2020-2024
India,2015,Sql Injection,IT,42.99,85255,Unknown,Unpatched Software,Encryption,61,504.25195003225616,2015-2019
Japan,2022,Phishing,Banking,98.47,972469,Nation-state,Zero-day,Antivirus,21,101.25772646737326,2020-2024
Brazil,2023,Phishing,Healthcare,14.51,113777,Nation-state,Weak Passwords,VPN,27,127.53016866326234,2020-2024
Brazil,2020,Phishing,Banking,17.75,739540,Hacker Group,Zero-day,Encryption,31,24.001406279579196,2020-2024
China,2020,Man-In-The-Middle,Education,19.81,722788,Nation-state,Zero-day,Firewall,70,27.40775995174242,2020-2024
Japan,2021,Sql Injection,Retail,82.52,214372,Insider,Unpatched Software,Encryption,12,384.9383314985166,2020-2024
Usa,2022,Ddos,Retail,32.53,235314,Insider,Weak Passwords,AI-based Detection,62,138.240818650824,2020-2024
Brazil,2016,Ddos,Education,96.98,140812,Nation-state,Unpatched Software,VPN,71,688.7197113882339,2015-2019
Russia,2015,Ddos,Telecommunications,96.39,238356,Unknown,Zero-day,AI-based Detection,3,404.3951064793838,2015-2019
India,2021,Sql Injection,IT,98.09,826976,Nation-state,Zero-day,VPN,57,118.61287389234995,2020-2024
Uk,2019,Man-In-The-Middle,Retail,39.77,757694,Nation-state,Unpatched Software,Encryption,69,52.488207640551465,2015-2019
Usa,2017,Ddos,IT,74.12,403108,Hacker Group,Zero-day,VPN,64,183.87131984480587,2015-2019
Australia,2020,Ddos,Banking,92.95,942890,Insider,Weak Passwords,Antivirus,19,98.57989797325244,2020-2024
France,2022,Malware,Healthcare,20.33,794906,Unknown,Weak Passwords,AI-based Detection,36,25.575351047796847,2020-2024
Australia,2016,Sql Injection,Government,27.33,481293,Hacker Group,Unpatched Software,Antivirus,65,56.784536654387246,2015-2019
India,2016,Ddos,Education,21.01,602692,Hacker Group,Unpatched Software,VPN,29,34.86026029879275,2015-2019
Uk,2018,Man-In-The-Middle,Retail,13.66,455529,Hacker Group,Zero-day,Firewall,40,29.987113882980008,2015-2019
Japan,2017,Phishing,Telecommunications,75.84,383395,Hacker Group,Zero-day,VPN,31,197.81165638571187,2015-2019
Usa,2023,Ddos,Retail,59.69,113612,Hacker Group,Zero-day,VPN,70,525.384642467345,2020-2024
Australia,2019,Malware,Government,21.72,984411,Insider,Unpatched Software,Antivirus,17,22.063954994407823,2015-2019
Uk,2015,Phishing,IT,85.58,17229,Hacker Group,Weak Passwords,AI-based Detection,30,4967.20645423414,2015-2019
France,2018,Phishing,Healthcare,75.11,581303,Insider,Social Engineering,Encryption,51,129.20972367250815,2015-2019
India,2019,Man-In-The-Middle,Education,10.8,799474,Nation-state,Zero-day,AI-based Detection,23,13.508882089974158,2015-2019
India,2020,Ddos,Banking,86.27,898655,Nation-state,Unpatched Software,AI-based Detection,10,95.99902075880065,2020-2024
Uk,2021,Malware,Healthcare,67.1,698852,Unknown,Weak Passwords,Antivirus,57,96.01460681231504,2020-2024
India,2018,Ddos,Healthcare,76.43,304162,Hacker Group,Unpatched Software,Firewall,56,251.2805675922699,2015-2019
Brazil,2015,Phishing,Banking,43.4,191625,Hacker Group,Social Engineering,VPN,65,226.4840182648402,2015-2019
Australia,2024,Phishing,Education,93.32,93185,Unknown,Unpatched Software,VPN,14,1001.4487310189409,2020-2024
India,2019,Phishing,Healthcare,35.6,40718,Nation-state,Zero-day,VPN,24,874.3062036445798,2015-2019
China,2015,Phishing,Government,42.73,310574,Nation-state,Zero-day,Firewall,65,137.58395744653447,2015-2019
India,2024,Ddos,Education,73.37,475719,Nation-state,Social Engineering,Firewall,52,154.22970282877077,2020-2024
Uk,2018,Malware,Retail,73.18,404060,Unknown,Weak Passwords,Antivirus,32,181.11171608177003,2015-2019
China,2024,Malware,Education,72.35,132726,Hacker Group,Zero-day,Firewall,55,545.1079667887226,2020-2024
Uk,2016,Ddos,Banking,87.68,336376,Nation-state,Social Engineering,Firewall,11,260.66068922872023,2015-2019
Australia,2022,Malware,Healthcare,67.16,566437,Unknown,Weak Passwords,Encryption,63,118.56570104000974,2020-2024
Russia,2017,Man-In-The-Middle,Education,83.43,313631,Nation-state,Weak Passwords,Antivirus,16,266.0132448641875,2015-2019
France,2016,Ddos,Banking,28.66,996004,Unknown,Zero-day,VPN,28,28.774984839418316,2015-2019
China,2021,Phishing,Healthcare,55.04,871600,Insider,Unpatched Software,Firewall,29,63.14823313446535,2020-2024
Brazil,2015,Ddos,IT,43.51,940656,Unknown,Weak Passwords,AI-based Detection,41,46.25495398955623,2015-2019
Usa,2015,Ransomware,Telecommunications,20.73,297209,Nation-state,Social Engineering,Firewall,66,69.74889724066229,2015-2019
Uk,2019,Phishing,IT,78.19,28321,Insider,Unpatched Software,Antivirus,63,2760.8488400833303,2015-2019
Brazil,2022,Phishing,Telecommunications,29.02,456783,Nation-state,Zero-day,Encryption,10,63.531261014529875,2020-2024
Germany,2018,Ransomware,Banking,87.56,933028,Nation-state,Unpatched Software,VPN,25,93.84498643127537,2015-2019
Australia,2023,Phishing,Telecommunications,24.65,221512,Nation-state,Zero-day,AI-based Detection,56,111.28065296688216,2020-2024
France,2017,Phishing,Banking,17.88,16585,Hacker Group,Unpatched Software,Encryption,12,1078.0826047633404,2015-2019
Usa,2022,Ransomware,Education,21.01,787752,Nation-state,Weak Passwords,Antivirus,9,26.670830413632718,2020-2024
Russia,2022,Sql Injection,Banking,60.25,662517,Unknown,Social Engineering,Firewall,40,90.94106264443026,2020-2024
Brazil,2018,Malware,Education,6.63,274509,Hacker Group,Zero-day,Encryption,20,24.15221358862551,2015-2019
France,2024,Phishing,Government,5.8,508649,Hacker Group,Unpatched Software,Firewall,66,11.402755141561274,2020-2024
Brazil,2021,Ddos,IT,70.26,740257,Unknown,Weak Passwords,Encryption,70,94.91298292349819,2020-2024
Australia,2024,Malware,Healthcare,62.08,969504,Hacker Group,Social Engineering,AI-based Detection,5,64.03274251576063,2020-2024
Germany,2016,Man-In-The-Middle,Healthcare,90.2,779494,Nation-state,Social Engineering,AI-based Detection,54,115.71609274734635,2015-2019
Japan,2019,Malware,Banking,44.17,605166,Insider,Weak Passwords,Encryption,27,72.9882379380203,2015-2019
France,2023,Malware,Government,55.18,274946,Insider,Zero-day,Encryption,66,200.6939544492373,2020-2024
Japan,2019,Man-In-The-Middle,Banking,41.32,645097,Nation-state,Zero-day,Firewall,36,64.05238281994801,2015-2019
Uk,2015,Ddos,Telecommunications,32.92,157678,Nation-state,Unpatched Software,Antivirus,68,208.77991856822132,2015-2019
Brazil,2022,Ddos,Retail,15.16,157034,Nation-state,Social Engineering,AI-based Detection,69,96.53960288854643,2020-2024
India,2020,Sql Injection,Education,62.5,550656,Nation-state,Weak Passwords,Encryption,4,113.50098791259879,2020-2024
Australia,2017,Sql Injection,Healthcare,68.91,634048,Hacker Group,Unpatched Software,Firewall,66,108.68262339759765,2015-2019
Uk,2023,Ddos,Banking,81.26,547495,Nation-state,Weak Passwords,AI-based Detection,3,148.4214467712034,2020-2024
Uk,2024,Ddos,Healthcare,58.31,487694,Hacker Group,Weak Passwords,Antivirus,41,119.56267659639036,2020-2024
France,2023,Man-In-The-Middle,Retail,88.65,427067,Hacker Group,Unpatched Software,Antivirus,42,207.57867032573344,2020-2024
Australia,2023,Malware,Telecommunications,1.51,954902,Hacker Group,Unpatched Software,AI-based Detection,55,1.5813141034367926,2020-2024
Uk,2020,Ransomware,Banking,49.23,128594,Nation-state,Weak Passwords,Firewall,53,382.8327915765899,2020-2024
Germany,2024,Phishing,Healthcare,84.53,189430,Nation-state,Social Engineering,Firewall,1,446.23343715356594,2020-2024
France,2021,Ddos,Healthcare,90.63,603327,Nation-state,Unpatched Software,AI-based Detection,15,150.21704647728347,2020-2024
Uk,2021,Ddos,Education,80.26,276593,Nation-state,Social Engineering,Encryption,36,290.1736486462058,2020-2024
Japan,2023,Malware,Education,22.87,975282,Insider,Unpatched Software,Firewall,49,23.449627902493845,2020-2024
India,2018,Ransomware,Retail,23.79,486810,Hacker Group,Unpatched Software,Antivirus,11,48.86916866950145,2015-2019
Japan,2021,Ransomware,IT,35.43,969517,Hacker Group,Weak Passwords,Firewall,25,36.54396983240108,2020-2024
Australia,2022,Malware,Banking,74.77,151599,Insider,Zero-day,Encryption,18,493.20905810724344,2020-2024
Japan,2022,Sql Injection,IT,66.66,749545,Unknown,Social Engineering,AI-based Detection,30,88.93395326498076,2020-2024
Brazil,2015,Malware,Retail,78.13,71743,Hacker Group,Unpatched Software,VPN,35,1089.0261070766485,2015-2019
Germany,2018,Phishing,Banking,11.39,969684,Hacker Group,Weak Passwords,Antivirus,41,11.74609460401533,2015-2019
Germany,2020,Sql Injection,Education,87.84,842506,Unknown,Weak Passwords,Antivirus,19,104.26038508924566,2020-2024
Brazil,2023,Man-In-The-Middle,IT,10.18,933883,Nation-state,Social Engineering,Encryption,41,10.900723109854232,2020-2024
Uk,2019,Malware,Education,4.42,393748,Nation-state,Unpatched Software,AI-based Detection,10,11.225453843575078,2015-2019
Brazil,2020,Ddos,Banking,76.98,708549,Unknown,Weak Passwords,Encryption,37,108.64456798330109,2020-2024
Japan,2020,Ddos,Healthcare,73.24,136762,Unknown,Zero-day,VPN,41,535.5288749798921,2020-2024
Russia,2018,Malware,Telecommunications,8.11,737958,Unknown,Social Engineering,VPN,35,10.989785326536197,2015-2019
Japan,2020,Man-In-The-Middle,Banking,23.55,108886,Insider,Unpatched Software,Antivirus,51,216.28124827801554,2020-2024
Australia,2016,Phishing,Banking,92.79,285311,Nation-state,Unpatched Software,VPN,55,325.22405375187077,2015-2019
Usa,2021,Malware,Retail,71.11,961868,Hacker Group,Unpatched Software,Antivirus,57,73.92906303151784,2020-2024
Australia,2023,Man-In-The-Middle,Banking,57.34,471743,Unknown,Zero-day,Firewall,29,121.54923337495204,2020-2024
Uk,2024,Phishing,Government,81.26,993903,Unknown,Weak Passwords,Firewall,25,81.75848146147058,2020-2024
China,2024,Ransomware,Telecommunications,7.32,179156,Nation-state,Social Engineering,AI-based Detection,34,40.85824644443948,2020-2024
Germany,2022,Man-In-The-Middle,Healthcare,56.27,699129,Nation-state,Unpatched Software,Encryption,25,80.48586169362163,2020-2024
Russia,2021,Malware,IT,83.76,920983,Insider,Social Engineering,Encryption,24,90.94630411201943,2020-2024
Uk,2023,Sql Injection,Banking,85.64,875790,Nation-state,Unpatched Software,Firewall,36,97.78599892668333,2020-2024
Russia,2016,Malware,Retail,61.39,415274,Hacker Group,Weak Passwords,Encryption,40,147.83010735080936,2015-2019
Russia,2023,Ransomware,Banking,42.14,222293,Hacker Group,Social Engineering,VPN,38,189.56962207536898,2020-2024
France,2021,Man-In-The-Middle,Retail,94.4,357092,Unknown,Unpatched Software,VPN,71,264.35764452858086,2020-2024
Australia,2021,Malware,Telecommunications,84.68,708291,Hacker Group,Zero-day,AI-based Detection,54,119.55538048626906,2020-2024
Russia,2024,Malware,Banking,93.33,517610,Nation-state,Social Engineering,Firewall,35,180.30949943007283,2020-2024
Germany,2023,Malware,Government,70.46,368803,Hacker Group,Unpatched Software,VPN,23,191.05050663904578,2020-2024
China,2023,Man-In-The-Middle,Healthcare,48.71,421191,Nation-state,Unpatched Software,Firewall,62,115.64824509545551,2020-2024
India,2018,Phishing,IT,69.03,282139,Hacker Group,Unpatched Software,Encryption,37,244.66663594894715,2015-2019
China,2018,Malware,IT,49.19,117543,Insider,Social Engineering,Encryption,22,418.48515011527695,2015-2019
France,2016,Phishing,Government,27.2,536925,Unknown,Zero-day,Encryption,62,50.65884434511338,2015-2019
France,2023,Ransomware,Retail,64.08,238068,Unknown,Unpatched Software,VPN,61,269.1667926810827,2020-2024
Japan,2022,Malware,Telecommunications,38.46,39814,Insider,Social Engineering,VPN,32,965.9918621590396,2020-2024
India,2018,Ddos,Government,80.89,268956,Nation-state,Zero-day,Antivirus,47,300.7555139130564,2015-2019
France,2015,Malware,Education,15.76,424,Nation-state,Unpatched Software,Antivirus,58,37169.811320754714,2015-2019
Usa,2021,Sql Injection,Telecommunications,82.24,982969,Unknown,Unpatched Software,Encryption,64,83.66489685839534,2020-2024
Germany,2021,Malware,Government,82.72,219703,Nation-state,Social Engineering,Firewall,33,376.5082861863516,2020-2024
Japan,2016,Man-In-The-Middle,Retail,18.96,530947,Nation-state,Unpatched Software,VPN,12,35.7097789421543,2015-2019
Uk,2017,Sql Injection,IT,53.39,576110,Insider,Unpatched Software,Antivirus,37,92.67327420110743,2015-2019
Uk,2017,Man-In-The-Middle,Government,48.9,177154,Unknown,Zero-day,Antivirus,68,276.03102385495106,2015-2019
France,2017,Sql Injection,Healthcare,60.77,212177,Hacker Group,Social Engineering,Encryption,2,286.4118165493904,2015-2019
Germany,2021,Ddos,Banking,91.24,8787,Hacker Group,Unpatched Software,Encryption,55,10383.521110731763,2020-2024
Usa,2015,Phishing,Education,41.36,291727,Insider,Social Engineering,Encryption,31,141.77638682741056,2015-2019
Germany,2022,Ddos,IT,78.18,987652,Hacker Group,Social Engineering,VPN,72,79.15743601997465,2020-2024
China,2022,Ransomware,Telecommunications,16.16,236284,Unknown,Social Engineering,Antivirus,38,68.39227370452507,2020-2024
Usa,2020,Man-In-The-Middle,Telecommunications,15.63,209853,Nation-state,Zero-day,VPN,1,74.4807079241183,2020-2024
Australia,2020,Ddos,Retail,36.29,755621,Unknown,Zero-day,Antivirus,50,48.026722391251695,2020-2024
France,2015,Sql Injection,Retail,61.41,694844,Insider,Unpatched Software,Antivirus,43,88.37954994214529,2015-2019
France,2018,Sql Injection,Retail,53.72,795831,Nation-state,Unpatched Software,Encryption,61,67.50176859157284,2015-2019
Brazil,2020,Ddos,Retail,17.4,342253,Unknown,Weak Passwords,Encryption,22,50.83958358290504,2020-2024
Usa,2016,Phishing,Retail,75.94,638693,Nation-state,Weak Passwords,AI-based Detection,35,118.89906418263547,2015-2019
Usa,2018,Phishing,Banking,55.9,618616,Insider,Zero-day,VPN,51,90.36300386669598,2015-2019
Brazil,2023,Sql Injection,Retail,56.76,774426,Hacker Group,Social Engineering,AI-based Detection,21,73.29299377861797,2020-2024
Australia,2023,Ddos,Government,76.25,900661,Insider,Unpatched Software,Encryption,64,84.66004412314955,2020-2024
India,2019,Phishing,Telecommunications,75.23,141627,Insider,Unpatched Software,AI-based Detection,64,531.1840256448276,2015-2019
Germany,2024,Phishing,IT,3.93,845785,Unknown,Unpatched Software,VPN,69,4.646570937058472,2020-2024
Australia,2015,Malware,Retail,99.41,120048,Insider,Zero-day,Antivirus,12,828.0854324936691,2015-2019
Usa,2016,Malware,Retail,32.89,894935,Unknown,Social Engineering,AI-based Detection,31,36.75127243878047,2015-2019
Japan,2017,Sql Injection,Healthcare,21.66,277555,Unknown,Social Engineering,AI-based Detection,45,78.03858694673127,2015-2019
Australia,2024,Ransomware,Education,85.86,461012,Insider,Unpatched Software,AI-based Detection,38,186.242440543847,2020-2024
Russia,2021,Sql Injection,Telecommunications,80.23,599291,Nation-state,Social Engineering,Firewall,55,133.87486212874882,2020-2024
Australia,2016,Man-In-The-Middle,Government,31.92,163602,Hacker Group,Unpatched Software,VPN,26,195.10763927091355,2015-2019
Uk,2021,Sql Injection,Government,39.03,986196,Nation-state,Weak Passwords,Encryption,11,39.57631140260151,2020-2024
France,2024,Ransomware,Retail,99.03,349008,Nation-state,Zero-day,Encryption,20,283.7470774308898,2020-2024
Germany,2022,Sql Injection,Retail,25.1,559667,Unknown,Zero-day,Antivirus,69,44.84809717206839,2020-2024
Russia,2018,Ddos,Healthcare,67.27,335628,Hacker Group,Weak Passwords,Antivirus,20,200.43023823995614,2015-2019
Germany,2016,Ransomware,Education,29.89,385363,Unknown,Unpatched Software,Firewall,22,77.56323258849449,2015-2019
Usa,2021,Man-In-The-Middle,Education,15.92,945793,Insider,Zero-day,Firewall,32,16.832435850127883,2020-2024
Russia,2016,Sql Injection,Telecommunications,95.93,595950,Nation-state,Social Engineering,AI-based Detection,11,160.9698800234919,2015-2019
Japan,2022,Ddos,Education,12.61,756722,Nation-state,Weak Passwords,VPN,15,16.663979638493398,2020-2024
Australia,2024,Ransomware,Government,39.92,594424,Hacker Group,Social Engineering,Antivirus,54,67.15744990108071,2020-2024
China,2015,Malware,Retail,19.36,457790,Hacker Group,Zero-day,Encryption,39,42.2901330304288,2015-2019
China,2024,Ransomware,Telecommunications,70.47,549337,Unknown,Social Engineering,Antivirus,63,128.28191073967346,2020-2024
France,2023,Malware,Healthcare,53.34,714681,Unknown,Unpatched Software,Firewall,34,74.63469715859243,2020-2024
India,2022,Malware,Government,84.15,849745,Hacker Group,Social Engineering,Antivirus,51,99.0297089126738,2020-2024
Brazil,2019,Sql Injection,Banking,27.64,826256,Nation-state,Zero-day,VPN,50,33.452102011967234,2015-2019
Uk,2017,Ddos,IT,9.01,617543,Unknown,Zero-day,Antivirus,43,14.590077128232366,2015-2019
Usa,2017,Sql Injection,Banking,9.08,895507,Unknown,Social Engineering,AI-based Detection,52,10.13950756387164,2015-2019
Uk,2020,Sql Injection,Healthcare,67.9,2233,Unknown,Social Engineering,Antivirus,45,30407.523510971787,2020-2024
Japan,2022,Phishing,Government,71.12,76776,Unknown,Unpatched Software,Firewall,42,926.3311451495259,2020-2024
China,2019,Ransomware,Retail,6.08,175261,Nation-state,Zero-day,VPN,64,34.69111781856773,2015-2019
Australia,2016,Man-In-The-Middle,Healthcare,90.85,746369,Insider,Unpatched Software,Antivirus,30,121.72263317474332,2015-2019
Australia,2017,Malware,Healthcare,77.32,563706,Nation-state,Unpatched Software,AI-based Detection,35,137.16369880753442,2015-2019
India,2022,Ddos,Healthcare,12.01,254980,Insider,Unpatched Software,AI-based Detection,58,47.10173346929171,2020-2024
Russia,2021,Malware,Education,0.54,869574,Unknown,Unpatched Software,Antivirus,16,0.6209937279633476,2020-2024
Russia,2015,Malware,IT,95.33,282598,Unknown,Zero-day,VPN,21,337.3343052675532,2015-2019
Brazil,2023,Malware,Telecommunications,62.77,422623,Nation-state,Zero-day,AI-based Detection,55,148.52480816235746,2020-2024
Brazil,2021,Malware,Healthcare,83.06,937717,Unknown,Unpatched Software,Encryption,56,88.57683074957583,2020-2024
India,2021,Man-In-The-Middle,Telecommunications,71.64,416077,Insider,Social Engineering,VPN,39,172.17966866709767,2020-2024
Australia,2019,Man-In-The-Middle,Banking,47.67,112313,Insider,Social Engineering,Firewall,63,424.4388450134891,2015-2019
Australia,2017,Man-In-The-Middle,Telecommunications,79.72,799971,Insider,Zero-day,Firewall,63,99.65361244345108,2015-2019
Japan,2018,Man-In-The-Middle,Retail,47.11,690595,Hacker Group,Social Engineering,Antivirus,71,68.21653791295911,2015-2019
India,2017,Man-In-The-Middle,Government,69.69,713419,Hacker Group,Unpatched Software,AI-based Detection,70,97.68453040919852,2015-2019
Australia,2022,Man-In-The-Middle,Healthcare,81.31,707365,Hacker Group,Zero-day,Antivirus,38,114.94772854184191,2020-2024
Brazil,2016,Malware,Healthcare,83.88,155059,Unknown,Unpatched Software,Antivirus,29,540.9553782753661,2015-2019
Russia,2022,Phishing,Banking,85.01,923558,Insider,Weak Passwords,Encryption,41,92.04619525790476,2020-2024
Germany,2022,Ddos,Telecommunications,20.55,239313,Nation-state,Social Engineering,AI-based Detection,6,85.87080517982726,2020-2024
Russia,2023,Ransomware,Telecommunications,60.08,874485,Hacker Group,Weak Passwords,Antivirus,48,68.70329393871822,2020-2024
Russia,2016,Sql Injection,Healthcare,46.95,90895,Unknown,Social Engineering,VPN,29,516.5300621596348,2015-2019
China,2015,Man-In-The-Middle,Retail,47.2,529593,Hacker Group,Zero-day,VPN,64,89.12504508178922,2015-2019
Germany,2018,Phishing,Government,46.92,610201,Nation-state,Weak Passwords,VPN,72,76.89269601328087,2015-2019
Usa,2021,Ddos,Telecommunications,1.98,863623,Hacker Group,Weak Passwords,Firewall,24,2.2926670549533767,2020-2024
Usa,2018,Malware,Healthcare,14.28,755771,Insider,Weak Passwords,Antivirus,44,18.89461225688734,2015-2019
Japan,2021,Sql Injection,Telecommunications,66.23,164032,Unknown,Social Engineering,Firewall,5,403.7626804525947,2020-2024
Russia,2019,Man-In-The-Middle,Telecommunications,95.66,259993,Nation-state,Weak Passwords,Antivirus,58,367.9329828110757,2015-2019
Uk,2019,Phishing,Retail,90.13,232359,Unknown,Social Engineering,Firewall,17,387.89115119276636,2015-2019
Germany,2018,Phishing,Telecommunications,84.9,800031,Unknown,Unpatched Software,Encryption,10,106.12088781559714,2015-2019
Uk,2016,Phishing,Healthcare,71.19,925040,Unknown,Unpatched Software,Encryption,48,76.95883421257459,2015-2019
Brazil,2016,Malware,IT,99.29,273469,Insider,Social Engineering,AI-based Detection,67,363.0758879434232,2015-2019
Germany,2024,Malware,Banking,22.84,797768,Insider,Zero-day,Firewall,58,28.62987735782834,2020-2024
Japan,2022,Ddos,Education,82.19,905203,Hacker Group,Weak Passwords,Antivirus,37,90.79731286794232,2020-2024
India,2023,Phishing,Telecommunications,11.72,512291,Insider,Zero-day,AI-based Detection,51,22.877622288894397,2020-2024
Uk,2017,Phishing,Telecommunications,27.08,416833,Insider,Social Engineering,VPN,9,64.96606554663379,2015-2019
Uk,2015,Ransomware,Government,30.74,744505,Nation-state,Unpatched Software,Antivirus,43,41.289178716059666,2015-2019
Brazil,2020,Malware,Banking,79.61,755029,Nation-state,Weak Passwords,Firewall,27,105.43965860913951,2020-2024
Brazil,2017,Malware,Banking,99.22,660182,Insider,Weak Passwords,AI-based Detection,21,150.29188920630978,2015-2019
India,2016,Ransomware,Retail,29.48,403737,Insider,Zero-day,Firewall,26,73.0178309146796,2015-2019
China,2019,Ddos,Retail,7.87,86783,Nation-state,Weak Passwords,Antivirus,12,90.68596384084441,2015-2019
Australia,2022,Ddos,Telecommunications,86.77,390083,Nation-state,Social Engineering,VPN,72,222.4398397264172,2020-2024
Brazil,2023,Man-In-The-Middle,Banking,20.15,376174,Unknown,Social Engineering,Firewall,43,53.56563717853972,2020-2024
Uk,2022,Ransomware,Government,31.94,485080,Insider,Weak Passwords,Antivirus,61,65.844809103653,2020-2024
France,2024,Ransomware,Banking,78.82,759804,Unknown,Unpatched Software,AI-based Detection,47,103.73727961421629,2020-2024
Japan,2017,Phishing,IT,65.62,286208,Hacker Group,Zero-day,Firewall,57,229.2738148479428,2015-2019
Usa,2017,Malware,IT,75.53,992377,Nation-state,Unpatched Software,Antivirus,33,76.11018796284074,2015-2019
Usa,2021,Man-In-The-Middle,Education,36.06,48987,Unknown,Zero-day,VPN,58,736.1136628085002,2020-2024
Russia,2021,Sql Injection,Telecommunications,68.07,538602,Insider,Unpatched Software,VPN,19,126.38274644357058,2020-2024
Japan,2015,Malware,Healthcare,26.29,808392,Hacker Group,Weak Passwords,AI-based Detection,4,32.52135102771923,2015-2019
Uk,2015,Ransomware,IT,26.12,21580,Unknown,Weak Passwords,AI-based Detection,14,1210.379981464319,2015-2019
France,2020,Phishing,Government,94.44,209658,Insider,Zero-day,VPN,11,450.4478722490914,2020-2024
Japan,2017,Man-In-The-Middle,Retail,74.12,559889,Nation-state,Zero-day,VPN,10,132.38338313487137,2015-2019
France,2015,Sql Injection,Government,12.92,344516,Insider,Zero-day,VPN,28,37.50188670482648,2015-2019
Australia,2024,Phishing,Retail,73.43,897569,Hacker Group,Social Engineering,AI-based Detection,66,81.80986642809634,2020-2024
Australia,2023,Sql Injection,Healthcare,99.19,538688,Nation-state,Zero-day,Encryption,36,184.13255910657003,2020-2024
China,2015,Ddos,Government,22.71,303975,Nation-state,Social Engineering,Firewall,2,74.71009129040218,2015-2019
Japan,2022,Sql Injection,Telecommunications,67.62,822256,Insider,Unpatched Software,Firewall,60,82.23716214901442,2020-2024
Russia,2019,Man-In-The-Middle,Healthcare,53.82,521877,Unknown,Zero-day,Encryption,66,103.12774849246087,2015-2019
Brazil,2016,Sql Injection,Education,55.83,758258,Unknown,Zero-day,Encryption,44,73.62929240443226,2015-2019
Brazil,2016,Ddos,IT,17.12,988369,Hacker Group,Weak Passwords,AI-based Detection,26,17.321465970705272,2015-2019
France,2022,Malware,Healthcare,67.89,325521,Hacker Group,Social Engineering,VPN,69,208.5579732183177,2020-2024
Germany,2021,Ransomware,IT,5.54,254933,Nation-state,Social Engineering,AI-based Detection,41,21.731199962343048,2020-2024
Uk,2023,Ddos,Government,55.28,339144,Hacker Group,Unpatched Software,VPN,26,162.99860826079777,2020-2024
India,2022,Ransomware,Education,57.52,170002,Unknown,Unpatched Software,AI-based Detection,54,338.3489606004635,2020-2024
Japan,2019,Ddos,Government,74.65,491269,Nation-state,Zero-day,Firewall,67,151.95341045333615,2015-2019
China,2019,Phishing,Banking,49.14,341100,Insider,Social Engineering,Firewall,37,144.06332453825857,2015-2019
India,2018,Ddos,Government,36.04,446170,Insider,Unpatched Software,VPN,72,80.77638568258736,2015-2019
India,2015,Malware,Telecommunications,14.09,28398,Insider,Zero-day,Encryption,22,496.16170152827664,2015-2019
France,2017,Ransomware,Telecommunications,66.36,180698,Hacker Group,Zero-day,Encryption,53,367.24258154489814,2015-2019
Germany,2017,Malware,Healthcare,8.53,676384,Unknown,Social Engineering,VPN,44,12.611179448360694,2015-2019
Brazil,2015,Ransomware,Healthcare,61.91,961557,Insider,Unpatched Software,Firewall,64,64.38515865414115,2015-2019
Japan,2020,Phishing,Education,54.47,345334,Hacker Group,Weak Passwords,Antivirus,25,157.7313557309735,2020-2024
Russia,2024,Phishing,Education,87.88,263407,Nation-state,Zero-day,Antivirus,8,333.6281875576579,2020-2024
Russia,2017,Phishing,IT,89.22,791350,Nation-state,Social Engineering,Antivirus,32,112.74404498641562,2015-2019
China,2022,Ransomware,Telecommunications,64.92,591819,Unknown,Zero-day,Antivirus,49,109.69570088151951,2020-2024
Uk,2016,Sql Injection,IT,6.59,186612,Unknown,Unpatched Software,Antivirus,30,35.313913360341246,2015-2019
Japan,2018,Ransomware,Retail,48.0,187730,Nation-state,Weak Passwords,AI-based Detection,26,255.68635806743728,2015-2019
France,2015,Sql Injection,IT,87.78,6456,Hacker Group,Social Engineering,Firewall,69,13596.654275092937,2015-2019
Japan,2020,Malware,Banking,15.73,762662,Hacker Group,Zero-day,Firewall,56,20.625126202695295,2020-2024
Uk,2015,Phishing,IT,30.26,256396,Hacker Group,Zero-day,Encryption,29,118.02056194324405,2015-2019
Brazil,2021,Sql Injection,Healthcare,54.59,437634,Unknown,Weak Passwords,AI-based Detection,29,124.73893710269311,2020-2024
Russia,2015,Malware,Healthcare,63.09,80855,Nation-state,Zero-day,AI-based Detection,53,780.2856966174015,2015-2019
India,2016,Phishing,Retail,59.36,967614,Nation-state,Unpatched Software,AI-based Detection,71,61.3467767105478,2015-2019
Japan,2020,Ransomware,IT,79.52,934400,Unknown,Social Engineering,VPN,4,85.1027397260274,2020-2024
Germany,2023,Man-In-The-Middle,Telecommunications,87.83,547719,Unknown,Weak Passwords,AI-based Detection,22,160.35594894462307,2020-2024
China,2016,Malware,Healthcare,96.63,808984,Unknown,Weak Passwords,Firewall,26,119.44612007159597,2015-2019
Japan,2023,Ransomware,Banking,52.86,261038,Nation-state,Social Engineering,Encryption,48,202.4992529823244,2020-2024
China,2024,Phishing,Education,4.01,841054,Insider,Zero-day,Antivirus,49,4.767827036076161,2020-2024
China,2019,Ransomware,IT,68.02,175038,Hacker Group,Weak Passwords,VPN,67,388.601332282133,2015-2019
Russia,2022,Phishing,Retail,67.17,774613,Hacker Group,Weak Passwords,Encryption,53,86.7142689317117,2020-2024
Japan,2021,Phishing,Healthcare,37.45,558357,Hacker Group,Weak Passwords,VPN,49,67.07178382289467,2020-2024
India,2017,Phishing,Retail,36.78,620056,Nation-state,Weak Passwords,Firewall,14,59.31722296050679,2015-2019
Russia,2018,Malware,Healthcare,40.66,90640,Unknown,Social Engineering,Encryption,56,448.5878199470433,2015-2019
Russia,2022,Ransomware,Retail,76.93,449596,Unknown,Unpatched Software,AI-based Detection,3,171.10917356915988,2020-2024
Australia,2020,Ransomware,Healthcare,58.91,207842,Nation-state,Social Engineering,Antivirus,40,283.4364565391018,2020-2024
Germany,2017,Phishing,Retail,93.6,908249,Nation-state,Zero-day,AI-based Detection,53,103.05543964265306,2015-2019
Japan,2017,Phishing,Healthcare,47.39,470895,Nation-state,Social Engineering,Encryption,63,100.63814650824494,2015-2019
France,2017,Malware,Education,3.21,342049,Nation-state,Unpatched Software,AI-based Detection,31,9.384620332174629,2015-2019
Brazil,2018,Phishing,Banking,98.75,316891,Hacker Group,Social Engineering,Antivirus,55,311.62134614110215,2015-2019
India,2019,Man-In-The-Middle,Education,27.45,633466,Unknown,Zero-day,AI-based Detection,16,43.33302813410665,2015-2019
Usa,2023,Malware,Telecommunications,23.98,123866,Nation-state,Zero-day,Firewall,43,193.5963056851759,2020-2024
France,2017,Ddos,Telecommunications,79.93,305905,Unknown,Unpatched Software,Encryption,44,261.29026985502037,2015-2019
Russia,2023,Sql Injection,Telecommunications,3.66,702942,Nation-state,Unpatched Software,AI-based Detection,34,5.206688460783393,2020-2024
Brazil,2016,Man-In-The-Middle,Retail,72.78,11339,Hacker Group,Social Engineering,AI-based Detection,34,6418.555428168269,2015-2019
Uk,2017,Sql Injection,Banking,73.88,8385,Nation-state,Social Engineering,AI-based Detection,69,8810.971973762671,2015-2019
Russia,2024,Ransomware,Banking,52.8,21810,Insider,Zero-day,VPN,48,2420.9078404401653,2020-2024
India,2018,Man-In-The-Middle,Healthcare,94.6,7347,Insider,Zero-day,AI-based Detection,7,12876.003811079352,2015-2019
Germany,2021,Sql Injection,Education,1.62,61463,Hacker Group,Weak Passwords,Antivirus,58,26.3573206644648,2020-2024
Russia,2020,Ddos,Healthcare,0.82,683572,Insider,Zero-day,Antivirus,69,1.1995810243836786,2020-2024
Germany,2015,Malware,Healthcare,90.91,654633,Nation-state,Weak Passwords,Antivirus,43,138.8717036874096,2015-2019
Japan,2021,Ddos,Banking,32.84,311274,Hacker Group,Zero-day,Encryption,67,105.50190507398628,2020-2024
Russia,2017,Malware,Education,63.33,185208,Unknown,Zero-day,Firewall,3,341.9398730076455,2015-2019
Russia,2022,Man-In-The-Middle,Healthcare,27.82,182378,Insider,Social Engineering,AI-based Detection,10,152.54032832907478,2020-2024
China,2016,Phishing,IT,7.73,800480,Unknown,Zero-day,VPN,31,9.656705976414152,2015-2019
India,2019,Ddos,Banking,46.98,147761,Unknown,Unpatched Software,AI-based Detection,68,317.945872050135,2015-2019
Russia,2024,Ransomware,Banking,80.11,923911,Insider,Unpatched Software,Firewall,60,86.7074858942041,2020-2024
Germany,2024,Ransomware,Education,11.81,418893,Insider,Social Engineering,Firewall,31,28.193357253522976,2020-2024
Germany,2016,Ransomware,Education,15.09,914593,Unknown,Weak Passwords,AI-based Detection,1,16.4991422414123,2015-2019
Japan,2015,Sql Injection,Banking,20.69,344789,Unknown,Zero-day,AI-based Detection,69,60.0077148632932,2015-2019
India,2019,Ddos,Telecommunications,36.86,116906,Insider,Social Engineering,VPN,7,315.2960498178023,2015-2019
Australia,2019,Phishing,Education,10.87,812343,Insider,Social Engineering,Antivirus,16,13.381047168499022,2015-2019
China,2017,Malware,IT,18.17,346390,Hacker Group,Weak Passwords,Firewall,36,52.455324922774906,2015-2019
Brazil,2018,Phishing,IT,13.89,30925,Insider,Zero-day,Encryption,43,449.15117219078417,2015-2019
Uk,2017,Ddos,Government,15.63,663812,Nation-state,Zero-day,Antivirus,57,23.54582321500666,2015-2019
Brazil,2020,Man-In-The-Middle,Government,32.72,220978,Nation-state,Zero-day,VPN,47,148.06903854682366,2020-2024
Uk,2021,Ddos,Banking,97.03,100486,Nation-state,Unpatched Software,Firewall,31,965.6071492546225,2020-2024
Russia,2023,Sql Injection,Education,75.63,195733,Nation-state,Weak Passwords,Antivirus,70,386.3937097985521,2020-2024
Japan,2023,Man-In-The-Middle,Healthcare,64.21,707978,Nation-state,Weak Passwords,VPN,41,90.69490859885475,2020-2024
Brazil,2018,Phishing,Healthcare,99.14,456432,Insider,Weak Passwords,Antivirus,66,217.20650611701194,2015-2019
Brazil,2016,Man-In-The-Middle,IT,75.51,37230,Unknown,Social Engineering,AI-based Detection,52,2028.2030620467365,2015-2019
Uk,2015,Ddos,Government,11.68,890414,Nation-state,Unpatched Software,AI-based Detection,28,13.117493660252421,2015-2019
France,2021,Malware,IT,33.84,440358,Nation-state,Social Engineering,Antivirus,5,76.84656574877714,2020-2024
India,2022,Malware,Healthcare,38.89,400752,Insider,Unpatched Software,Antivirus,36,97.04255998722402,2020-2024
France,2018,Phishing,Banking,89.77,134364,Nation-state,Zero-day,Antivirus,63,668.1105057902414,2015-2019
Germany,2017,Ddos,Telecommunications,15.01,406483,Insider,Weak Passwords,Antivirus,62,36.92651353193123,2015-2019
Brazil,2018,Sql Injection,IT,98.38,661583,Insider,Social Engineering,Encryption,30,148.7039419090273,2015-2019
Russia,2015,Sql Injection,Education,23.49,642834,Unknown,Weak Passwords,Antivirus,34,36.541315487357544,2015-2019
Brazil,2017,Ransomware,IT,9.43,493087,Hacker Group,Unpatched Software,Encryption,44,19.124414150038433,2015-2019
Brazil,2021,Man-In-The-Middle,IT,97.37,966570,Nation-state,Weak Passwords,Antivirus,32,100.73765997289384,2020-2024
Russia,2022,Phishing,Telecommunications,73.26,687383,Nation-state,Weak Passwords,VPN,8,106.57813766124562,2020-2024
Germany,2020,Phishing,Retail,78.84,733304,Unknown,Weak Passwords,VPN,19,107.5133914447487,2020-2024
India,2023,Ransomware,Telecommunications,3.51,661681,Hacker Group,Weak Passwords,AI-based Detection,14,5.304670981938426,2020-2024
France,2020,Sql Injection,IT,25.32,644538,Unknown,Social Engineering,Antivirus,57,39.28395222624577,2020-2024
Germany,2015,Phishing,Banking,58.78,861637,Unknown,Social Engineering,VPN,15,68.21898316808587,2015-2019
Brazil,2016,Sql Injection,Telecommunications,73.76,393189,Unknown,Zero-day,Antivirus,37,187.59426128401353,2015-2019
France,2022,Sql Injection,Healthcare,27.06,999545,Hacker Group,Social Engineering,Encryption,47,27.072317904646614,2020-2024
Uk,2021,Sql Injection,IT,77.82,935572,Hacker Group,Social Engineering,Encryption,61,83.17906051057535,2020-2024
France,2016,Ransomware,IT,55.99,724608,Hacker Group,Social Engineering,Antivirus,21,77.26936495318849,2015-2019
Brazil,2024,Ddos,Banking,55.73,750979,Unknown,Social Engineering,AI-based Detection,30,74.20979814349003,2020-2024
India,2017,Malware,Telecommunications,7.44,552358,Nation-state,Weak Passwords,AI-based Detection,42,13.469525199236728,2015-2019
Australia,2019,Phishing,Banking,37.07,902654,Insider,Social Engineering,Antivirus,9,41.06778455532242,2015-2019
Uk,2022,Ransomware,Healthcare,75.67,413293,Hacker Group,Zero-day,Antivirus,27,183.09044672907598,2020-2024
India,2024,Malware,Retail,56.19,114357,Insider,Zero-day,AI-based Detection,58,491.356016684593,2020-2024
Usa,2018,Malware,Government,70.53,363432,Hacker Group,Zero-day,AI-based Detection,40,194.06656540976027,2015-2019
Japan,2016,Sql Injection,Telecommunications,63.77,304618,Unknown,Unpatched Software,Antivirus,54,209.3441621965872,2015-2019
India,2022,Sql Injection,IT,32.73,153154,Hacker Group,Zero-day,VPN,37,213.7064653877796,2020-2024
China,2022,Malware,Banking,21.87,741153,Insider,Social Engineering,Encryption,66,29.508077279590044,2020-2024
Japan,2024,Man-In-The-Middle,Healthcare,72.08,261230,Insider,Social Engineering,VPN,19,275.92542969796733,2020-2024
Uk,2023,Sql Injection,Telecommunications,53.82,688014,Unknown,Zero-day,Encryption,18,78.22515239515475,2020-2024
Australia,2018,Ddos,Education,3.3,45027,Unknown,Social Engineering,Antivirus,68,73.28935971750283,2015-2019
Australia,2021,Malware,Banking,13.99,689681,Nation-state,Weak Passwords,AI-based Detection,62,20.2847403364744,2020-2024
Germany,2024,Malware,Government,93.49,702688,Hacker Group,Unpatched Software,Antivirus,39,133.04624527528577,2020-2024
China,2016,Man-In-The-Middle,Banking,97.28,86038,Insider,Weak Passwords,Encryption,19,1130.6631953322951,2015-2019
Japan,2015,Malware,Education,17.19,899381,Insider,Unpatched Software,Firewall,66,19.113145596804912,2015-2019
India,2023,Malware,IT,54.21,157667,Insider,Weak Passwords,VPN,34,343.82591157312567,2020-2024
Uk,2021,Malware,Government,64.28,643714,Nation-state,Weak Passwords,VPN,25,99.85801147714669,2020-2024
Usa,2023,Ransomware,Education,71.31,3607,Insider,Zero-day,AI-based Detection,7,19769.891876906015,2020-2024
Uk,2017,Phishing,Banking,52.31,259706,Hacker Group,Social Engineering,Antivirus,2,201.42006730687777,2015-2019
India,2021,Man-In-The-Middle,Retail,40.94,698921,Insider,Weak Passwords,Firewall,72,58.57600501344215,2020-2024
Brazil,2024,Ransomware,Government,32.21,482574,Nation-state,Unpatched Software,Firewall,22,66.74623995490848,2020-2024
France,2017,Ddos,IT,20.44,618269,Nation-state,Weak Passwords,VPN,48,33.060043443873134,2015-2019
Russia,2016,Ransomware,Government,59.66,854961,Unknown,Unpatched Software,AI-based Detection,7,69.78096076897074,2015-2019
Brazil,2019,Sql Injection,Education,56.33,595157,Unknown,Zero-day,Encryption,41,94.64729474743639,2015-2019
France,2016,Sql Injection,Government,2.24,813706,Hacker Group,Weak Passwords,VPN,54,2.7528370197589793,2015-2019
Brazil,2018,Ddos,Telecommunications,82.05,322527,Nation-state,Weak Passwords,Firewall,46,254.39730627203303,2015-2019
China,2024,Ddos,Healthcare,11.92,557016,Unknown,Zero-day,Firewall,34,21.39974435204734,2020-2024
Uk,2017,Ddos,Healthcare,54.83,966668,Hacker Group,Weak Passwords,AI-based Detection,15,56.720611419846314,2015-2019
France,2020,Sql Injection,Retail,36.17,813165,Nation-state,Unpatched Software,Antivirus,44,44.480517484151434,2020-2024
France,2018,Sql Injection,Government,80.06,400807,Unknown,Weak Passwords,Firewall,67,199.74701040650487,2015-2019
Brazil,2023,Man-In-The-Middle,Retail,74.85,549300,Hacker Group,Weak Passwords,Antivirus,26,136.2643364281813,2020-2024
Brazil,2021,Ransomware,Government,74.01,956893,Unknown,Social Engineering,Antivirus,49,77.34407086267744,2020-2024
India,2015,Sql Injection,Government,46.2,245370,Insider,Social Engineering,AI-based Detection,57,188.28707665973835,2015-2019
Brazil,2017,Malware,IT,9.59,912731,Nation-state,Zero-day,Firewall,4,10.506929204771176,2015-2019
Usa,2017,Malware,Telecommunications,81.19,362085,Insider,Weak Passwords,VPN,5,224.2291174724167,2015-2019
Germany,2022,Sql Injection,Telecommunications,42.8,862664,Hacker Group,Zero-day,Firewall,44,49.6137546020235,2020-2024
China,2015,Ransomware,Telecommunications,32.65,313384,Insider,Social Engineering,Antivirus,51,104.18528067801802,2015-2019
Russia,2018,Malware,Banking,17.99,593009,Unknown,Social Engineering,Firewall,27,30.33680770443619,2015-2019
Germany,2023,Sql Injection,Banking,30.68,933754,Insider,Social Engineering,Firewall,36,32.85661962358394,2020-2024
Japan,2015,Ddos,Government,82.12,55055,Hacker Group,Unpatched Software,VPN,44,1491.5993097811279,2015-2019
France,2020,Sql Injection,Education,94.63,481180,Hacker Group,Weak Passwords,AI-based Detection,10,196.66237166964547,2020-2024
Russia,2020,Man-In-The-Middle,Banking,54.03,110260,Unknown,Weak Passwords,VPN,66,490.0235806276075,2020-2024
Usa,2020,Ddos,Government,10.54,741592,Insider,Social Engineering,VPN,69,14.212666803309636,2020-2024
Russia,2020,Phishing,Education,34.41,928026,Unknown,Social Engineering,VPN,5,37.07870253635135,2020-2024
Germany,2018,Sql Injection,Education,84.27,399014,Nation-state,Zero-day,Firewall,52,211.1955971469673,2015-2019
China,2018,Ransomware,Retail,35.08,42831,Hacker Group,Social Engineering,Antivirus,42,819.0329434288249,2015-2019
Uk,2018,Man-In-The-Middle,Healthcare,45.11,545613,Insider,Unpatched Software,VPN,25,82.67764880968745,2015-2019
Australia,2023,Man-In-The-Middle,Retail,92.57,813789,Nation-state,Unpatched Software,Antivirus,27,113.75184476565794,2020-2024
Uk,2015,Ransomware,Banking,13.49,345825,Hacker Group,Zero-day,AI-based Detection,6,39.00816887153907,2015-2019
Uk,2016,Phishing,Education,8.42,29671,Insider,Unpatched Software,Encryption,61,283.7787738869603,2015-2019
Australia,2020,Phishing,Government,92.5,34011,Insider,Unpatched Software,Firewall,9,2719.7083296580518,2020-2024
Usa,2018,Sql Injection,Banking,63.8,341383,Nation-state,Weak Passwords,Antivirus,9,186.88686900050675,2015-2019
Japan,2020,Ransomware,Banking,40.86,565080,Unknown,Zero-day,Encryption,6,72.30834572095986,2020-2024
Germany,2019,Malware,Banking,79.24,862136,Hacker Group,Zero-day,VPN,44,91.9112529809682,2015-2019
Japan,2022,Man-In-The-Middle,Retail,37.15,241151,Hacker Group,Social Engineering,Antivirus,56,154.05285485028054,2020-2024
India,2024,Man-In-The-Middle,Government,62.06,321158,Insider,Zero-day,VPN,37,193.23821919429065,2020-2024
France,2023,Phishing,Education,31.03,472386,Nation-state,Zero-day,Encryption,24,65.6878061585229,2020-2024
Uk,2015,Man-In-The-Middle,Healthcare,82.54,34240,Insider,Weak Passwords,Encryption,45,2410.6308411214955,2015-2019
Usa,2019,Malware,Government,34.4,98018,Insider,Zero-day,VPN,55,350.955946866902,2015-2019
Japan,2024,Phishing,Education,72.2,555808,Unknown,Weak Passwords,AI-based Detection,4,129.90097299786976,2020-2024
Uk,2021,Sql Injection,Healthcare,52.23,449333,Hacker Group,Unpatched Software,Encryption,39,116.23895863424231,2020-2024
Uk,2024,Man-In-The-Middle,Retail,7.16,368618,Nation-state,Social Engineering,Firewall,22,19.423902251110906,2020-2024
France,2022,Man-In-The-Middle,IT,78.23,310175,Hacker Group,Unpatched Software,AI-based Detection,53,252.21246070766503,2020-2024
Uk,2020,Phishing,Retail,25.1,986980,Nation-state,Zero-day,VPN,71,25.431113092463878,2020-2024
Uk,2024,Ddos,Retail,88.54,518181,Insider,Zero-day,Antivirus,24,170.86693645656632,2020-2024
India,2015,Phishing,Retail,49.51,72782,Unknown,Zero-day,Encryption,63,680.2506114149103,2015-2019
Russia,2018,Ddos,Telecommunications,4.08,502842,Unknown,Zero-day,VPN,15,8.113880702089324,2015-2019
Uk,2024,Phishing,Retail,89.31,376586,Unknown,Weak Passwords,AI-based Detection,51,237.15698406207346,2020-2024
Germany,2023,Phishing,Government,88.55,698597,Unknown,Social Engineering,Antivirus,66,126.75405133431721,2020-2024
Russia,2015,Sql Injection,Education,5.26,559195,Insider,Weak Passwords,VPN,52,9.406378812399968,2015-2019
India,2024,Ransomware,Retail,17.57,236253,Unknown,Social Engineering,Firewall,38,74.36942599670692,2020-2024
Brazil,2016,Ddos,Healthcare,8.01,534847,Nation-state,Zero-day,Firewall,3,14.976245543117939,2015-2019
Australia,2016,Malware,Retail,39.86,262611,Unknown,Social Engineering,Antivirus,33,151.78343633739638,2015-2019
Brazil,2021,Sql Injection,Telecommunications,11.61,848702,Unknown,Weak Passwords,Antivirus,48,13.679713256243064,2020-2024
Germany,2017,Man-In-The-Middle,Retail,73.98,609952,Hacker Group,Unpatched Software,VPN,7,121.28823251665705,2015-2019
Germany,2022,Man-In-The-Middle,IT,65.86,978868,Insider,Weak Passwords,AI-based Detection,39,67.28179897595999,2020-2024
Australia,2021,Ransomware,Retail,41.26,659734,Insider,Unpatched Software,Antivirus,54,62.54035717425508,2020-2024
Japan,2022,Ddos,Retail,64.38,88354,Nation-state,Social Engineering,AI-based Detection,52,728.6597098037439,2020-2024
Brazil,2022,Phishing,Banking,75.01,771434,Hacker Group,Social Engineering,AI-based Detection,38,97.23450094240077,2020-2024
Australia,2016,Sql Injection,Banking,1.73,91560,Hacker Group,Weak Passwords,AI-based Detection,35,18.89471384884229,2015-2019
Uk,2021,Phishing,Healthcare,1.35,375292,Unknown,Unpatched Software,Firewall,48,3.5971989810600813,2020-2024
Japan,2015,Sql Injection,Retail,70.88,43366,Unknown,Weak Passwords,AI-based Detection,43,1634.4601761748836,2015-2019
India,2019,Ransomware,Telecommunications,32.08,429224,Unknown,Social Engineering,AI-based Detection,56,74.7395299424077,2015-2019
Brazil,2017,Phishing,Healthcare,68.99,526227,Hacker Group,Weak Passwords,VPN,62,131.10311709585406,2015-2019
Japan,2024,Man-In-The-Middle,Retail,9.77,621770,Insider,Unpatched Software,AI-based Detection,70,15.713205847821541,2020-2024
India,2019,Ddos,Telecommunications,14.53,857688,Insider,Zero-day,Antivirus,55,16.940892259189823,2015-2019
Brazil,2024,Sql Injection,Banking,33.06,644841,Insider,Weak Passwords,Antivirus,64,51.268452223106166,2020-2024
Russia,2024,Man-In-The-Middle,IT,67.61,242847,Unknown,Unpatched Software,VPN,37,278.40574518112226,2020-2024
China,2022,Man-In-The-Middle,IT,85.3,155225,Unknown,Weak Passwords,Antivirus,13,549.5248832340152,2020-2024
Japan,2017,Man-In-The-Middle,Banking,79.68,712646,Nation-state,Unpatched Software,AI-based Detection,50,111.80866797821078,2015-2019
Uk,2022,Phishing,Government,61.87,298941,Unknown,Zero-day,Antivirus,13,206.96391595666034,2020-2024
Russia,2018,Man-In-The-Middle,Telecommunications,4.92,783480,Insider,Zero-day,AI-based Detection,55,6.279675294838413,2015-2019
Germany,2019,Phishing,Healthcare,99.97,950451,Hacker Group,Weak Passwords,AI-based Detection,29,105.1816453452098,2015-2019
China,2018,Malware,Education,95.42,917848,Insider,Social Engineering,VPN,30,103.960568634458,2015-2019
Germany,2016,Sql Injection,Education,42.98,194633,Nation-state,Social Engineering,Antivirus,37,220.82586200695667,2015-2019
Australia,2016,Malware,Telecommunications,68.42,778844,Unknown,Zero-day,Encryption,65,87.84814417264562,2015-2019
France,2018,Sql Injection,Government,36.14,668774,Unknown,Social Engineering,Firewall,61,54.0391821452389,2015-2019
France,2023,Sql Injection,Healthcare,69.76,824351,Unknown,Zero-day,Firewall,17,84.62414675302146,2020-2024
Uk,2020,Phishing,Healthcare,3.02,510974,Unknown,Weak Passwords,Encryption,16,5.910281149334408,2020-2024
Australia,2021,Man-In-The-Middle,Healthcare,86.29,404595,Unknown,Social Engineering,AI-based Detection,3,213.2750033984602,2020-2024
Germany,2022,Sql Injection,IT,6.31,742273,Hacker Group,Zero-day,AI-based Detection,67,8.50091543138441,2020-2024
China,2016,Phishing,IT,27.46,973388,Nation-state,Zero-day,AI-based Detection,63,28.210744328058286,2015-2019
China,2024,Ddos,Government,69.28,890675,Hacker Group,Unpatched Software,Firewall,5,77.78370337103883,2020-2024
Germany,2022,Sql Injection,Education,68.96,710896,Nation-state,Zero-day,Firewall,18,97.00434381400373,2020-2024
India,2023,Sql Injection,Retail,2.85,30883,Nation-state,Weak Passwords,AI-based Detection,51,92.2837807207849,2020-2024
Uk,2020,Sql Injection,Government,53.76,153355,Unknown,Zero-day,Encryption,57,350.5591601186789,2020-2024
Japan,2020,Ddos,Healthcare,25.83,96706,Insider,Unpatched Software,Firewall,42,267.09821520898396,2020-2024
Australia,2016,Sql Injection,IT,43.76,959797,Nation-state,Social Engineering,Antivirus,32,45.592974347700604,2015-2019
China,2024,Phishing,Telecommunications,9.45,501864,Hacker Group,Unpatched Software,Encryption,12,18.829802496293816,2020-2024
Japan,2024,Man-In-The-Middle,IT,63.57,358626,Unknown,Weak Passwords,VPN,26,177.25987519030969,2020-2024
Japan,2017,Man-In-The-Middle,Healthcare,11.3,64472,Insider,Social Engineering,Firewall,43,175.26988460106713,2015-2019
India,2023,Ddos,Education,82.11,23683,Hacker Group,Weak Passwords,Encryption,69,3467.0438711311913,2020-2024
Usa,2017,Man-In-The-Middle,IT,5.21,22635,Unknown,Unpatched Software,AI-based Detection,8,230.17450850452838,2015-2019
Uk,2017,Sql Injection,Government,98.75,894933,Insider,Weak Passwords,Antivirus,59,110.34345587881998,2015-2019
Uk,2023,Malware,Banking,55.34,259176,Unknown,Unpatched Software,VPN,3,213.52285705466556,2020-2024
China,2022,Man-In-The-Middle,Banking,12.36,987115,Unknown,Social Engineering,Encryption,55,12.52133743282191,2020-2024
France,2022,Ddos,Healthcare,6.48,727601,Insider,Social Engineering,Encryption,50,8.90598006324895,2020-2024
Uk,2021,Phishing,Retail,56.53,542850,Nation-state,Zero-day,Antivirus,41,104.13558073132542,2020-2024
India,2023,Ransomware,Education,41.15,352194,Nation-state,Unpatched Software,Firewall,10,116.83901486112768,2020-2024
France,2019,Malware,Healthcare,39.83,571521,Nation-state,Weak Passwords,Antivirus,8,69.69122744396094,2015-2019
Brazil,2023,Sql Injection,Healthcare,47.59,933271,Insider,Unpatched Software,Antivirus,30,50.992691297597375,2020-2024
Brazil,2022,Phishing,Banking,98.06,884502,Insider,Unpatched Software,AI-based Detection,55,110.86464473794294,2020-2024
China,2015,Ransomware,IT,57.27,762001,Nation-state,Social Engineering,VPN,67,75.15738168322613,2015-2019
France,2016,Ddos,Government,82.49,351330,Nation-state,Weak Passwords,VPN,57,234.79349898955397,2015-2019
Australia,2023,Malware,Healthcare,37.73,158107,Unknown,Unpatched Software,AI-based Detection,43,238.63586052483444,2020-2024
Usa,2016,Sql Injection,Government,77.45,632319,Unknown,Weak Passwords,AI-based Detection,47,122.48564411317705,2015-2019
India,2017,Ddos,Government,75.52,352250,Insider,Zero-day,VPN,39,214.3931866572037,2015-2019
France,2018,Ransomware,Telecommunications,11.28,504165,Hacker Group,Zero-day,AI-based Detection,55,22.373627681413822,2015-2019
Brazil,2024,Ddos,Telecommunications,36.69,738981,Unknown,Social Engineering,VPN,45,49.64944971521595,2020-2024
Uk,2021,Ransomware,Banking,79.33,555527,Unknown,Unpatched Software,Firewall,33,142.80133998887544,2020-2024
Russia,2019,Sql Injection,Banking,59.78,681856,Insider,Zero-day,VPN,52,87.67247043363994,2015-2019
Germany,2024,Ddos,Retail,38.65,197609,Nation-state,Social Engineering,VPN,15,195.58825761984525,2020-2024
Usa,2018,Man-In-The-Middle,Banking,85.29,685291,Hacker Group,Social Engineering,Encryption,53,124.45807693374056,2015-2019
Japan,2024,Ransomware,Retail,37.49,835730,Insider,Zero-day,VPN,14,44.85898555753653,2020-2024
Germany,2016,Phishing,Education,48.57,907547,Unknown,Unpatched Software,Firewall,33,53.517889431621725,2015-2019
France,2019,Phishing,Retail,3.0,298096,Unknown,Social Engineering,Firewall,16,10.06387204122162,2015-2019
Uk,2023,Phishing,Retail,33.06,18579,Unknown,Social Engineering,VPN,13,1779.4283868884227,2020-2024
Uk,2021,Malware,Education,70.9,490771,Nation-state,Weak Passwords,Antivirus,70,144.46656383527144,2020-2024
Germany,2020,Phishing,Healthcare,38.12,394577,Nation-state,Unpatched Software,Encryption,33,96.60978718982606,2020-2024
India,2021,Ddos,Telecommunications,35.19,155426,Nation-state,Zero-day,Firewall,16,226.4099957536062,2020-2024
Russia,2017,Ransomware,Education,88.9,444399,Insider,Zero-day,Encryption,38,200.04545464773773,2015-2019
Japan,2015,Man-In-The-Middle,Healthcare,7.96,770028,Unknown,Unpatched Software,Firewall,58,10.33728643633738,2015-2019
Brazil,2023,Ransomware,Retail,66.38,608520,Hacker Group,Zero-day,VPN,14,109.08433576546373,2020-2024
Australia,2020,Ddos,Healthcare,91.45,471113,Hacker Group,Unpatched Software,AI-based Detection,71,194.11478774731327,2020-2024
Germany,2015,Man-In-The-Middle,Retail,63.65,311253,Nation-state,Weak Passwords,AI-based Detection,36,204.4960209218867,2015-2019
Brazil,2023,Ddos,IT,84.19,390409,Insider,Zero-day,AI-based Detection,31,215.64564341498274,2020-2024
China,2015,Sql Injection,IT,28.35,604786,Unknown,Zero-day,VPN,34,46.87608509456238,2015-2019
China,2024,Sql Injection,Government,84.23,568377,Unknown,Social Engineering,Antivirus,38,148.19389243407105,2020-2024
Russia,2020,Sql Injection,Telecommunications,29.89,267678,Insider,Zero-day,AI-based Detection,13,111.66401422604771,2020-2024
Australia,2020,Malware,Education,5.95,592485,Insider,Weak Passwords,Firewall,10,10.042448332025284,2020-2024
Usa,2018,Ddos,Government,84.85,639011,Insider,Weak Passwords,Firewall,26,132.78331671911752,2015-2019
China,2023,Man-In-The-Middle,Telecommunications,28.82,446243,Unknown,Zero-day,Firewall,66,64.58364613002333,2020-2024
Germany,2016,Ddos,Government,22.48,10438,Nation-state,Unpatched Software,Encryption,10,2153.669285303698,2015-2019
Brazil,2023,Sql Injection,IT,97.37,796195,Nation-state,Social Engineering,Firewall,20,122.2941616061392,2020-2024
Australia,2020,Sql Injection,Telecommunications,53.32,55392,Unknown,Zero-day,VPN,44,962.5938763720393,2020-2024
Germany,2016,Ddos,IT,63.11,579291,Hacker Group,Unpatched Software,Encryption,6,108.9435188877438,2015-2019
Germany,2023,Malware,Banking,70.19,791366,Unknown,Unpatched Software,Firewall,61,88.69473795942712,2020-2024
France,2022,Malware,IT,92.29,727826,Unknown,Weak Passwords,Encryption,63,126.80228516156335,2020-2024
Russia,2023,Malware,IT,98.07,608695,Nation-state,Unpatched Software,AI-based Detection,31,161.11517262339925,2020-2024
Australia,2019,Sql Injection,Retail,13.96,496667,Unknown,Zero-day,Antivirus,45,28.107363686333095,2015-2019
Japan,2024,Malware,Retail,56.9,353887,Unknown,Weak Passwords,Antivirus,59,160.78578755365413,2020-2024
China,2019,Ransomware,Banking,32.69,713584,Insider,Weak Passwords,Firewall,26,45.811004731047774,2015-2019
India,2017,Ddos,IT,70.09,417831,Unknown,Unpatched Software,Encryption,36,167.74724709272408,2015-2019
Usa,2019,Ransomware,Banking,22.62,51219,Unknown,Zero-day,Encryption,36,441.632987758449,2015-2019
Uk,2017,Ransomware,Retail,47.91,153257,Insider,Zero-day,Encryption,59,312.6121482216147,2015-2019
Russia,2017,Phishing,Retail,20.58,768022,Unknown,Zero-day,VPN,64,26.796107403173348,2015-2019
France,2024,Phishing,Banking,26.29,314347,Hacker Group,Unpatched Software,Antivirus,28,83.63369143017111,2020-2024
Germany,2020,Phishing,IT,33.51,649406,Insider,Social Engineering,Firewall,27,51.601001530629524,2020-2024
Japan,2023,Phishing,Education,68.28,744595,Insider,Zero-day,Antivirus,44,91.70085751314473,2020-2024
Brazil,2021,Ddos,Banking,14.72,126781,Insider,Weak Passwords,Antivirus,32,116.10572562134705,2020-2024
France,2015,Phishing,Retail,44.29,427167,Insider,Unpatched Software,Encryption,11,103.68310286141018,2015-2019
Australia,2023,Ransomware,Retail,41.54,396865,Insider,Social Engineering,AI-based Detection,42,104.67035389868091,2020-2024
Uk,2019,Phishing,Telecommunications,90.67,902952,Unknown,Weak Passwords,Encryption,8,100.41508297229531,2015-2019
Usa,2023,Ransomware,IT,34.94,632075,Insider,Social Engineering,Encryption,64,55.27825020764941,2020-2024
France,2017,Sql Injection,Healthcare,83.73,728486,Nation-state,Social Engineering,Encryption,61,114.93700633917467,2015-2019
Australia,2018,Ddos,Education,64.62,109439,Insider,Zero-day,Antivirus,32,590.465921654986,2015-2019
India,2018,Malware,Education,86.38,1174,Insider,Weak Passwords,VPN,23,73577.51277683134,2015-2019
Russia,2024,Phishing,Education,25.7,953987,Insider,Social Engineering,AI-based Detection,65,26.9395704553626,2020-2024
Brazil,2021,Ddos,Government,56.2,713309,Hacker Group,Zero-day,Antivirus,51,78.78773434794738,2020-2024
Russia,2021,Ddos,Healthcare,11.38,334528,Insider,Weak Passwords,VPN,5,34.01807920413239,2020-2024
Usa,2016,Phishing,IT,92.53,219826,Nation-state,Social Engineering,Antivirus,38,420.92382156796737,2015-2019
Usa,2015,Sql Injection,Telecommunications,88.6,916744,Nation-state,Social Engineering,Antivirus,47,96.64639201347377,2015-2019
Usa,2017,Man-In-The-Middle,IT,30.4,568560,Hacker Group,Zero-day,AI-based Detection,49,53.468411425355285,2015-2019
Uk,2019,Malware,Education,90.7,440178,Insider,Unpatched Software,VPN,15,206.0530058294599,2015-2019
Japan,2023,Sql Injection,Healthcare,45.38,172628,Insider,Weak Passwords,Encryption,4,262.8774011168524,2020-2024
Usa,2022,Ransomware,Government,71.33,257989,Unknown,Unpatched Software,AI-based Detection,68,276.48465632255636,2020-2024
Japan,2021,Phishing,Healthcare,9.42,573560,Hacker Group,Social Engineering,Antivirus,9,16.423739451844618,2020-2024
Brazil,2018,Malware,Education,5.27,850056,Hacker Group,Weak Passwords,VPN,65,6.199591556320995,2015-2019
Australia,2018,Ddos,Retail,41.59,860119,Nation-state,Unpatched Software,Encryption,30,48.35377430332314,2015-2019
Usa,2015,Sql Injection,Education,98.78,140958,Insider,Social Engineering,AI-based Detection,51,700.7761177088211,2015-2019
China,2015,Ddos,Telecommunications,61.24,965727,Nation-state,Zero-day,AI-based Detection,32,63.41336630331346,2015-2019
Russia,2015,Malware,Telecommunications,69.34,20269,Unknown,Social Engineering,VPN,36,3420.987715230154,2015-2019
Germany,2015,Ddos,Retail,7.84,323011,Nation-state,Social Engineering,Encryption,25,24.271619232781546,2015-2019
Usa,2016,Ransomware,Retail,57.17,50321,Nation-state,Social Engineering,Antivirus,25,1136.1061982075078,2015-2019
Russia,2020,Ddos,Banking,33.99,851863,Insider,Weak Passwords,Firewall,25,39.90078216802467,2020-2024
China,2024,Ddos,IT,22.45,704925,Unknown,Unpatched Software,AI-based Detection,52,31.847359648189524,2020-2024
France,2018,Ransomware,Banking,27.78,355077,Nation-state,Unpatched Software,VPN,65,78.23655150854603,2015-2019
Australia,2022,Malware,Education,47.12,866057,Unknown,Social Engineering,Antivirus,17,54.40750435594886,2020-2024
Germany,2016,Sql Injection,Telecommunications,48.77,169455,Insider,Zero-day,Antivirus,23,287.8050219822372,2015-2019
India,2023,Sql Injection,IT,92.35,380022,Unknown,Unpatched Software,Encryption,30,243.01224665940393,2020-2024
Usa,2019,Sql Injection,Retail,88.98,898679,Insider,Zero-day,Firewall,35,99.01199427159197,2015-2019
Japan,2020,Ransomware,IT,61.69,704157,Unknown,Zero-day,Antivirus,42,87.6083032619146,2020-2024
Russia,2022,Malware,Telecommunications,84.57,262201,Nation-state,Weak Passwords,Encryption,54,322.5388156414354,2020-2024
Brazil,2021,Ddos,Telecommunications,67.87,683261,Hacker Group,Unpatched Software,Antivirus,13,99.33246592444176,2020-2024
Usa,2022,Phishing,IT,59.7,382379,Nation-state,Unpatched Software,Firewall,2,156.12782082698055,2020-2024
Germany,2024,Phishing,Government,90.21,510657,Nation-state,Social Engineering,VPN,62,176.6547800186818,2020-2024
Uk,2018,Sql Injection,Education,16.23,912558,Nation-state,Unpatched Software,Antivirus,69,17.78517091516375,2015-2019
Uk,2020,Ransomware,Banking,16.91,952504,Hacker Group,Zero-day,AI-based Detection,45,17.753206285747883,2020-2024
France,2015,Phishing,Government,41.88,913027,Insider,Unpatched Software,Antivirus,68,45.86939926201525,2015-2019
Brazil,2019,Malware,Government,31.04,269271,Insider,Unpatched Software,Antivirus,58,115.27420331190511,2015-2019
India,2016,Ransomware,Healthcare,37.12,113404,Hacker Group,Social Engineering,Antivirus,11,327.3253148037106,2015-2019
Russia,2023,Ddos,Healthcare,46.2,310868,Hacker Group,Weak Passwords,Antivirus,10,148.61613289241737,2020-2024
Japan,2024,Man-In-The-Middle,Telecommunications,98.3,458630,Insider,Social Engineering,Antivirus,14,214.3339947234154,2020-2024
Usa,2024,Ransomware,IT,16.61,912183,Unknown,Weak Passwords,Encryption,44,18.209065505496156,2020-2024
Brazil,2017,Man-In-The-Middle,IT,71.06,871891,Unknown,Social Engineering,Antivirus,52,81.50101331473773,2015-2019
Usa,2016,Sql Injection,Government,14.17,863298,Nation-state,Unpatched Software,VPN,15,16.413799174792484,2015-2019
Australia,2018,Malware,Healthcare,82.65,434626,Unknown,Social Engineering,AI-based Detection,29,190.16349689158034,2015-2019
Australia,2018,Ransomware,IT,78.27,195490,Unknown,Zero-day,Antivirus,63,400.3785359864955,2015-2019
Uk,2022,Ransomware,Retail,10.44,19404,Nation-state,Unpatched Software,Firewall,32,538.0333951762523,2020-2024
Russia,2019,Ransomware,Healthcare,21.95,217438,Hacker Group,Social Engineering,Firewall,14,100.94831630165841,2015-2019
India,2018,Malware,Healthcare,30.83,481452,Unknown,Weak Passwords,AI-based Detection,57,64.03545940197569,2015-2019
Uk,2020,Sql Injection,Education,35.57,386093,Unknown,Unpatched Software,VPN,42,92.1280624098339,2020-2024
France,2019,Man-In-The-Middle,Banking,28.29,929020,Nation-state,Weak Passwords,Antivirus,2,30.451443456545608,2015-2019
Usa,2022,Malware,IT,4.06,863756,Nation-state,Unpatched Software,AI-based Detection,66,4.700401502276105,2020-2024
China,2018,Ransomware,Telecommunications,58.28,300898,Nation-state,Unpatched Software,Encryption,18,193.68689722098517,2015-2019
Japan,2017,Sql Injection,Healthcare,7.31,191328,Insider,Weak Passwords,Encryption,51,38.20663990633885,2015-2019
Germany,2021,Man-In-The-Middle,Banking,37.69,361849,Hacker Group,Zero-day,Firewall,63,104.15946983410207,2020-2024
Brazil,2016,Phishing,Retail,27.99,30884,Nation-state,Unpatched Software,Antivirus,26,906.2945214350473,2015-2019
Brazil,2024,Ransomware,IT,71.55,902924,Unknown,Social Engineering,Encryption,12,79.2425497605557,2020-2024
Brazil,2024,Man-In-The-Middle,Telecommunications,27.13,943178,Nation-state,Weak Passwords,VPN,63,28.7644537934515,2020-2024
Australia,2021,Sql Injection,Telecommunications,10.28,994468,Insider,Unpatched Software,Antivirus,8,10.337185309130108,2020-2024
China,2022,Phishing,Retail,31.35,131361,Insider,Weak Passwords,Firewall,39,238.65530865325326,2020-2024
China,2023,Malware,Telecommunications,80.1,237658,Unknown,Zero-day,Antivirus,26,337.0389383063057,2020-2024
Usa,2017,Ransomware,Banking,42.19,157313,Hacker Group,Unpatched Software,Antivirus,47,268.19143999542314,2015-2019
Uk,2021,Man-In-The-Middle,Education,40.98,414340,Insider,Unpatched Software,AI-based Detection,10,98.90428150794034,2020-2024
France,2020,Ddos,Healthcare,58.8,153523,Insider,Social Engineering,Encryption,22,383.0045009542544,2020-2024
Uk,2019,Phishing,IT,3.33,232665,Unknown,Social Engineering,AI-based Detection,65,14.312423441428663,2015-2019
Germany,2022,Phishing,Government,58.98,383945,Nation-state,Zero-day,Encryption,49,153.61575225618253,2020-2024
Brazil,2023,Ransomware,Government,4.6,762006,Unknown,Weak Passwords,Antivirus,21,6.036697873770023,2020-2024
Germany,2019,Sql Injection,Government,96.91,408103,Nation-state,Unpatched Software,Firewall,27,237.46456164252652,2015-2019
France,2022,Phishing,Healthcare,85.91,44837,Unknown,Zero-day,AI-based Detection,18,1916.0514753440239,2020-2024
Germany,2023,Ddos,Telecommunications,51.49,642699,Unknown,Social Engineering,Firewall,51,80.11526391047754,2020-2024
Uk,2021,Ransomware,Telecommunications,3.99,634820,Insider,Unpatched Software,Encryption,33,6.285246211524527,2020-2024
France,2021,Malware,Retail,3.44,887718,Insider,Zero-day,Antivirus,55,3.8751044813780955,2020-2024
Usa,2020,Ddos,Education,52.7,541631,Unknown,Zero-day,AI-based Detection,30,97.29871443842764,2020-2024
Usa,2016,Ransomware,Retail,11.58,523522,Unknown,Weak Passwords,Encryption,57,22.119414274853778,2015-2019
Russia,2021,Ddos,Government,91.69,686309,Unknown,Unpatched Software,Antivirus,42,133.59871428175938,2020-2024
India,2015,Man-In-The-Middle,Education,79.89,416328,Nation-state,Zero-day,Encryption,55,191.8919697930478,2015-2019
India,2021,Man-In-The-Middle,IT,53.49,582718,Hacker Group,Social Engineering,Encryption,20,91.79397238458397,2020-2024
Japan,2021,Man-In-The-Middle,Telecommunications,18.91,549640,Nation-state,Social Engineering,Encryption,17,34.404337384469834,2020-2024
Usa,2024,Ddos,Retail,15.34,1068,Insider,Social Engineering,Firewall,3,14363.295880149813,2020-2024
France,2018,Ddos,Telecommunications,12.72,959835,Unknown,Zero-day,Firewall,38,13.252277735235744,2015-2019
Usa,2024,Ransomware,Retail,46.59,227390,Insider,Weak Passwords,AI-based Detection,40,204.8902766172655,2020-2024
France,2021,Sql Injection,Banking,62.9,577763,Insider,Zero-day,AI-based Detection,43,108.86816912817193,2020-2024
Japan,2018,Sql Injection,Healthcare,85.33,786644,Nation-state,Unpatched Software,Antivirus,41,108.47346448965479,2015-2019
China,2016,Malware,Healthcare,85.15,454802,Insider,Unpatched Software,Antivirus,48,187.22433058781624,2015-2019
China,2024,Ddos,Healthcare,53.53,371685,Unknown,Social Engineering,VPN,34,144.0198017138168,2020-2024
India,2023,Ransomware,Retail,4.32,217534,Unknown,Unpatched Software,VPN,48,19.858964575652543,2020-2024
Australia,2024,Man-In-The-Middle,Telecommunications,31.68,376612,Nation-state,Unpatched Software,VPN,27,84.11840302486378,2020-2024
Uk,2020,Phishing,Banking,84.77,812206,Hacker Group,Unpatched Software,Encryption,39,104.37007360201723,2020-2024
Australia,2021,Man-In-The-Middle,Banking,82.87,255967,Unknown,Social Engineering,VPN,23,323.7526712427774,2020-2024
Usa,2023,Ddos,Healthcare,5.32,463332,Unknown,Weak Passwords,Encryption,16,11.482047430352317,2020-2024
Australia,2023,Ddos,IT,31.48,771547,Hacker Group,Zero-day,Antivirus,5,40.80114367627636,2020-2024
Uk,2020,Ddos,Retail,86.0,809209,Unknown,Social Engineering,Encryption,26,106.27662322094787,2020-2024
India,2024,Ddos,Retail,35.47,342575,Insider,Social Engineering,Firewall,49,103.53937094066993,2020-2024
Japan,2024,Phishing,Retail,94.75,478963,Insider,Zero-day,VPN,70,197.82321390170014,2020-2024
Usa,2017,Sql Injection,Banking,39.59,910393,Unknown,Weak Passwords,Antivirus,52,43.486713979567064,2015-2019
Australia,2024,Phishing,Banking,70.52,601198,Insider,Zero-day,Encryption,41,117.29912607826374,2020-2024
Uk,2018,Ransomware,Government,6.6,152302,Hacker Group,Social Engineering,AI-based Detection,26,43.33495292248296,2015-2019
Usa,2016,Sql Injection,Healthcare,25.85,79102,Nation-state,Zero-day,AI-based Detection,4,326.79325427928495,2015-2019
India,2017,Ransomware,Retail,80.93,837506,Nation-state,Zero-day,Antivirus,8,96.63214353091202,2015-2019
Germany,2018,Malware,Banking,63.81,347441,Hacker Group,Social Engineering,Firewall,58,183.6570813461854,2015-2019
Usa,2021,Ransomware,Telecommunications,3.63,231198,Insider,Unpatched Software,Encryption,42,15.700827861832714,2020-2024
Brazil,2016,Ddos,Government,80.09,555275,Unknown,Social Engineering,Antivirus,71,144.2348385934897,2015-2019
Uk,2016,Sql Injection,Retail,24.51,46699,Unknown,Zero-day,Antivirus,53,524.8506391999829,2015-2019
Uk,2024,Man-In-The-Middle,IT,56.23,706469,Unknown,Unpatched Software,Encryption,17,79.59301823576124,2020-2024
China,2018,Ransomware,IT,43.73,311165,Unknown,Social Engineering,AI-based Detection,34,140.53637137852908,2015-2019
France,2019,Sql Injection,Government,85.13,304257,Nation-state,Weak Passwords,Antivirus,20,279.7963563697795,2015-2019
Brazil,2017,Sql Injection,Telecommunications,24.05,446378,Insider,Unpatched Software,Antivirus,59,53.87810331154313,2015-2019
China,2021,Ransomware,Healthcare,32.72,994243,Hacker Group,Social Engineering,Firewall,54,32.90945975983738,2020-2024
Uk,2015,Phishing,Healthcare,81.75,98634,Unknown,Social Engineering,VPN,5,828.8217044832411,2015-2019
Usa,2018,Phishing,Telecommunications,42.46,93999,Nation-state,Social Engineering,Encryption,65,451.70693305247926,2015-2019
France,2017,Sql Injection,Education,14.54,171095,Hacker Group,Zero-day,AI-based Detection,63,84.98202752856601,2015-2019
Usa,2015,Man-In-The-Middle,IT,38.92,820182,Nation-state,Weak Passwords,Antivirus,16,47.45288240902629,2015-2019
Germany,2018,Sql Injection,Telecommunications,4.2,164890,Insider,Weak Passwords,Encryption,61,25.471526472193585,2015-2019
China,2015,Sql Injection,Telecommunications,75.91,605020,Insider,Unpatched Software,Antivirus,43,125.4669267131665,2015-2019
Australia,2024,Ransomware,Education,44.95,500747,Insider,Unpatched Software,AI-based Detection,58,89.76588976069752,2020-2024
Japan,2020,Man-In-The-Middle,IT,35.79,854904,Insider,Weak Passwords,Firewall,12,41.864349681367734,2020-2024
China,2020,Sql Injection,Healthcare,62.44,55719,Unknown,Unpatched Software,Firewall,71,1120.623126761069,2020-2024
Brazil,2015,Phishing,Retail,19.93,355008,Hacker Group,Unpatched Software,Antivirus,31,56.139579953127814,2015-2019
Uk,2019,Phishing,IT,75.31,428615,Unknown,Social Engineering,AI-based Detection,66,175.70546994388903,2015-2019
Australia,2015,Phishing,Healthcare,76.4,108767,Nation-state,Unpatched Software,VPN,48,702.4189322128955,2015-2019
India,2020,Man-In-The-Middle,IT,28.69,939469,Insider,Unpatched Software,Encryption,45,30.53852761506766,2020-2024
Uk,2019,Man-In-The-Middle,Government,23.93,325827,Nation-state,Zero-day,Antivirus,39,73.44388279669886,2015-2019
Uk,2017,Man-In-The-Middle,Education,30.44,996762,Hacker Group,Social Engineering,AI-based Detection,27,30.53888490933643,2015-2019
Japan,2017,Phishing,IT,5.14,319868,Hacker Group,Unpatched Software,VPN,52,16.06912851551265,2015-2019
Brazil,2018,Man-In-The-Middle,Banking,1.01,66191,Hacker Group,Weak Passwords,AI-based Detection,71,15.258872052091673,2015-2019
India,2023,Ransomware,IT,18.53,925373,Insider,Zero-day,AI-based Detection,4,20.024357745471285,2020-2024
India,2015,Malware,Telecommunications,1.52,913114,Insider,Unpatched Software,VPN,15,1.664633331654098,2015-2019
Australia,2019,Ddos,Healthcare,84.89,163975,Nation-state,Unpatched Software,Firewall,22,517.7008690349138,2015-2019
Usa,2016,Ddos,Education,66.73,876135,Insider,Unpatched Software,AI-based Detection,67,76.16406147454445,2015-2019
China,2024,Ransomware,Government,72.61,595380,Hacker Group,Zero-day,VPN,10,121.95572575498001,2020-2024
France,2020,Ddos,Government,44.16,840796,Nation-state,Weak Passwords,AI-based Detection,5,52.5216580478499,2020-2024
Uk,2022,Ddos,Telecommunications,80.05,484908,Unknown,Weak Passwords,Firewall,42,165.08286107880258,2020-2024
Russia,2018,Sql Injection,Telecommunications,13.69,146100,Unknown,Social Engineering,Encryption,22,93.70294318959617,2015-2019
Usa,2021,Phishing,IT,29.02,555756,Insider,Zero-day,AI-based Detection,21,52.21716004865444,2020-2024
India,2017,Ransomware,Retail,69.91,340928,Unknown,Social Engineering,Antivirus,61,205.05795945184906,2015-2019
Uk,2016,Malware,Telecommunications,3.76,678640,Insider,Zero-day,Encryption,44,5.540492750206295,2015-2019
Brazil,2020,Phishing,IT,57.43,212798,Insider,Social Engineering,Antivirus,31,269.8803560183836,2020-2024
Uk,2019,Ransomware,Retail,63.45,354024,Unknown,Weak Passwords,AI-based Detection,33,179.22513727882856,2015-2019
Uk,2016,Man-In-The-Middle,Government,41.34,189354,Insider,Zero-day,Firewall,39,218.32123958300326,2015-2019
Australia,2022,Phishing,Education,22.73,648363,Unknown,Zero-day,VPN,47,35.05752178949138,2020-2024
Brazil,2017,Ddos,IT,5.88,231114,Insider,Weak Passwords,AI-based Detection,37,25.44198966743685,2015-2019
India,2017,Ransomware,Banking,9.81,489620,Unknown,Unpatched Software,VPN,43,20.03594624402598,2015-2019
Usa,2015,Ddos,IT,94.14,854005,Unknown,Zero-day,AI-based Detection,14,110.23354664199859,2015-2019
Germany,2017,Ransomware,IT,33.24,550719,Hacker Group,Zero-day,AI-based Detection,60,60.3574599750508,2015-2019
Germany,2019,Man-In-The-Middle,Government,75.37,445254,Hacker Group,Unpatched Software,VPN,42,169.27416710461893,2015-2019
Japan,2020,Phishing,Education,49.17,218097,Unknown,Zero-day,VPN,32,225.45014374338024,2020-2024
Germany,2017,Malware,Telecommunications,94.87,324790,Insider,Zero-day,VPN,42,292.0964315403799,2015-2019
India,2023,Sql Injection,Government,28.71,497965,Unknown,Unpatched Software,VPN,25,57.65465444358539,2020-2024
Australia,2023,Sql Injection,Education,42.5,933030,Insider,Social Engineering,Antivirus,27,45.550518204130626,2020-2024
Uk,2015,Man-In-The-Middle,IT,53.07,538338,Nation-state,Zero-day,VPN,1,98.58118876988063,2015-2019
France,2018,Phishing,Retail,99.78,860459,Hacker Group,Social Engineering,AI-based Detection,11,115.96136480645795,2015-2019
Uk,2024,Ddos,Healthcare,82.87,276634,Unknown,Unpatched Software,Antivirus,38,299.5654908651865,2020-2024
Germany,2018,Man-In-The-Middle,Banking,81.46,316299,Insider,Social Engineering,Firewall,66,257.541124062991,2015-2019
Japan,2023,Ransomware,Healthcare,33.66,410385,Unknown,Zero-day,Encryption,71,82.02054168646515,2020-2024
Japan,2024,Ddos,Healthcare,99.28,589898,Unknown,Weak Passwords,VPN,59,168.3002824217068,2020-2024
France,2016,Man-In-The-Middle,Retail,14.86,63760,Hacker Group,Weak Passwords,VPN,8,233.06148055207026,2015-2019
Usa,2015,Ransomware,Banking,33.75,58037,Insider,Social Engineering,VPN,13,581.5255785102607,2015-2019
Uk,2017,Sql Injection,Government,82.03,994787,Nation-state,Unpatched Software,Encryption,56,82.45986326721197,2015-2019
India,2016,Ransomware,Retail,9.53,89719,Unknown,Zero-day,Firewall,68,106.22053299746987,2015-2019
Germany,2023,Sql Injection,Telecommunications,6.09,590760,Unknown,Unpatched Software,Firewall,32,10.30875482429413,2020-2024
Uk,2022,Ddos,IT,29.05,186700,Insider,Weak Passwords,Antivirus,37,155.59721478307446,2020-2024
Japan,2019,Sql Injection,Education,89.48,682430,Hacker Group,Zero-day,VPN,5,131.1196752780505,2015-2019
Australia,2018,Sql Injection,Education,75.2,60868,Insider,Social Engineering,Antivirus,46,1235.4603404087534,2015-2019
France,2016,Sql Injection,Government,29.33,182916,Nation-state,Unpatched Software,Antivirus,17,160.34682586542456,2015-2019
France,2023,Ddos,Education,65.96,181879,Insider,Weak Passwords,Antivirus,64,362.65869066797154,2020-2024
Australia,2017,Phishing,Retail,95.2,715732,Unknown,Weak Passwords,Antivirus,11,133.01067997518624,2015-2019
Uk,2023,Malware,Banking,16.02,452477,Hacker Group,Zero-day,Encryption,23,35.4051145141079,2020-2024
India,2018,Ransomware,Banking,11.19,168881,Insider,Social Engineering,AI-based Detection,5,66.25967397161315,2015-2019
France,2017,Sql Injection,Healthcare,27.42,94235,Insider,Social Engineering,Antivirus,29,290.97469093224385,2015-2019
Australia,2015,Ransomware,Telecommunications,17.38,75314,Unknown,Unpatched Software,Encryption,6,230.76718803940835,2015-2019
Russia,2019,Man-In-The-Middle,Retail,99.53,515797,Nation-state,Social Engineering,Firewall,46,192.96351083856632,2015-2019
Russia,2024,Ddos,Telecommunications,55.05,363906,Insider,Weak Passwords,Antivirus,31,151.27532934329196,2020-2024
Uk,2022,Ddos,Education,79.6,446296,Unknown,Zero-day,AI-based Detection,4,178.35696488429204,2020-2024
Russia,2017,Ransomware,Telecommunications,65.18,329972,Nation-state,Unpatched Software,Firewall,48,197.53191179857689,2015-2019
China,2017,Ransomware,Education,25.73,639190,Insider,Social Engineering,Encryption,33,40.25407155931726,2015-2019
Usa,2022,Ransomware,Government,33.71,135105,Unknown,Unpatched Software,VPN,48,249.5096406498649,2020-2024
China,2015,Ddos,Education,94.74,103079,Nation-state,Social Engineering,Antivirus,57,919.1008837881625,2015-2019
France,2018,Ddos,IT,75.88,822364,Unknown,Zero-day,VPN,71,92.27057604661682,2015-2019
India,2021,Sql Injection,Government,75.25,597509,Nation-state,Social Engineering,Firewall,20,125.93952559710398,2020-2024
Brazil,2023,Man-In-The-Middle,Telecommunications,90.37,705678,Hacker Group,Zero-day,Antivirus,57,128.06124039576125,2020-2024
France,2020,Phishing,Retail,14.45,309967,Unknown,Zero-day,Firewall,26,46.617865772808074,2020-2024
France,2022,Ransomware,Banking,54.47,604250,Unknown,Social Engineering,AI-based Detection,63,90.14480761274307,2020-2024
India,2024,Ransomware,IT,33.66,131900,Unknown,Unpatched Software,Antivirus,21,255.19332827899925,2020-2024
Australia,2022,Ransomware,Government,84.51,305494,Insider,Social Engineering,Firewall,19,276.633910976975,2020-2024
Brazil,2023,Malware,Healthcare,61.56,907121,Unknown,Social Engineering,VPN,33,67.86305244835033,2020-2024
India,2024,Phishing,Banking,23.32,879162,Unknown,Zero-day,VPN,38,26.52525928099713,2020-2024
Brazil,2017,Man-In-The-Middle,Telecommunications,43.71,57237,Unknown,Unpatched Software,Firewall,52,763.6668588500446,2015-2019
Australia,2016,Phishing,Telecommunications,2.84,880127,Insider,Social Engineering,Antivirus,67,3.226807040347586,2015-2019
China,2017,Phishing,IT,71.4,698847,Insider,Zero-day,AI-based Detection,17,102.16828576211961,2015-2019
India,2022,Man-In-The-Middle,Banking,90.87,928859,Unknown,Unpatched Software,Firewall,32,97.82970289355005,2020-2024
India,2017,Sql Injection,IT,78.94,858565,Unknown,Weak Passwords,Encryption,29,91.94411605411355,2015-2019
China,2022,Malware,Telecommunications,34.33,571265,Unknown,Unpatched Software,Firewall,17,60.09470210847855,2020-2024
Russia,2015,Ddos,Banking,40.64,259321,Nation-state,Social Engineering,AI-based Detection,62,156.71696468855203,2015-2019
Brazil,2022,Man-In-The-Middle,Banking,59.43,121504,Insider,Weak Passwords,AI-based Detection,32,489.11969976297075,2020-2024
France,2018,Ddos,Banking,50.75,670630,Nation-state,Zero-day,Antivirus,4,75.6751114623563,2015-2019
China,2024,Ransomware,Banking,72.18,277175,Insider,Social Engineering,Firewall,72,260.4130964192297,2020-2024
Usa,2016,Man-In-The-Middle,Retail,23.35,952463,Nation-state,Unpatched Software,Antivirus,26,24.51538799932386,2015-2019
Uk,2020,Ddos,Government,78.32,624619,Unknown,Weak Passwords,AI-based Detection,67,125.38843679106783,2020-2024
China,2018,Phishing,Healthcare,20.22,363934,Insider,Weak Passwords,Firewall,24,55.55952452917287,2015-2019
Japan,2017,Sql Injection,IT,33.15,44750,Unknown,Unpatched Software,Firewall,22,740.7821229050279,2015-2019
Uk,2021,Ddos,Banking,8.82,736601,Nation-state,Zero-day,AI-based Detection,26,11.973918037037691,2020-2024
Japan,2018,Ransomware,Education,43.32,42876,Unknown,Unpatched Software,Antivirus,40,1010.3554436048139,2015-2019
Australia,2018,Ddos,Healthcare,90.4,536357,Nation-state,Weak Passwords,Encryption,55,168.5444582619412,2015-2019
Usa,2017,Phishing,Government,55.34,785099,Insider,Social Engineering,Encryption,29,70.48792572656443,2015-2019
France,2019,Ddos,Healthcare,27.89,460544,Unknown,Weak Passwords,Firewall,29,60.55881739855475,2015-2019
France,2020,Ransomware,Education,66.04,881755,Unknown,Zero-day,Firewall,10,74.89608791557747,2020-2024
India,2024,Sql Injection,Telecommunications,10.24,213393,Unknown,Social Engineering,Encryption,49,47.986578753754806,2020-2024
Uk,2017,Man-In-The-Middle,Telecommunications,43.82,213979,Hacker Group,Unpatched Software,Firewall,10,204.7864510068745,2015-2019
Uk,2021,Malware,Telecommunications,3.17,570243,Insider,Unpatched Software,Antivirus,51,5.559033604971916,2020-2024
Brazil,2016,Malware,Government,72.73,47624,Nation-state,Weak Passwords,Firewall,70,1527.1711741978834,2015-2019
China,2024,Man-In-The-Middle,Banking,16.09,72940,Nation-state,Zero-day,VPN,26,220.59226761721962,2020-2024
Japan,2020,Malware,Telecommunications,98.14,710142,Insider,Zero-day,AI-based Detection,56,138.19771257016203,2020-2024
Japan,2023,Malware,Retail,51.91,360524,Hacker Group,Unpatched Software,Firewall,47,143.984866472135,2020-2024
France,2017,Phishing,IT,55.9,309259,Insider,Zero-day,AI-based Detection,3,180.75464254880214,2015-2019
Uk,2024,Phishing,Government,30.68,393201,Nation-state,Social Engineering,Firewall,3,78.02625120485452,2020-2024
Germany,2020,Ransomware,IT,65.2,306799,Unknown,Zero-day,Encryption,61,212.51698995107546,2020-2024
Russia,2022,Malware,Healthcare,81.92,30180,Insider,Weak Passwords,AI-based Detection,53,2714.3803843605037,2020-2024
India,2017,Phishing,Retail,97.87,113745,Unknown,Unpatched Software,Encryption,2,860.4334256450833,2015-2019
Japan,2024,Ransomware,Banking,24.22,584428,Nation-state,Weak Passwords,Firewall,34,41.44223069394348,2020-2024
France,2020,Ransomware,Healthcare,3.27,178268,Nation-state,Unpatched Software,Antivirus,2,18.3431687122759,2020-2024
China,2022,Phishing,Retail,33.69,338578,Unknown,Social Engineering,AI-based Detection,38,99.50439780493711,2020-2024
China,2024,Ddos,Healthcare,7.31,972407,Hacker Group,Zero-day,Encryption,51,7.517428401893445,2020-2024
Brazil,2022,Ransomware,Banking,15.66,817169,Insider,Unpatched Software,Firewall,54,19.163722559225814,2020-2024
Australia,2015,Malware,Healthcare,62.34,796100,Hacker Group,Social Engineering,AI-based Detection,20,78.30674538374576,2015-2019
Uk,2016,Man-In-The-Middle,Banking,76.06,530253,Unknown,Weak Passwords,Encryption,28,143.44096120153964,2015-2019
Australia,2024,Man-In-The-Middle,Government,50.36,165496,Nation-state,Weak Passwords,Encryption,72,304.2973848310533,2020-2024
Russia,2021,Ransomware,Banking,34.92,501490,Insider,Social Engineering,Firewall,44,69.63249516441006,2020-2024
India,2016,Malware,Banking,11.81,392365,Insider,Social Engineering,Antivirus,72,30.099524677277536,2015-2019
China,2022,Malware,Education,96.72,194617,Insider,Social Engineering,Antivirus,31,496.9761120559869,2020-2024
Japan,2022,Man-In-The-Middle,Retail,44.34,516125,Unknown,Zero-day,Firewall,67,85.90942116735287,2020-2024
Australia,2021,Man-In-The-Middle,Telecommunications,67.72,393335,Hacker Group,Social Engineering,Antivirus,31,172.1687619967712,2020-2024
Uk,2018,Sql Injection,Government,34.09,197436,Unknown,Zero-day,Antivirus,10,172.66354666828744,2015-2019
France,2022,Ddos,Education,31.51,452360,Nation-state,Zero-day,Antivirus,65,69.65691042532497,2020-2024
Australia,2018,Ddos,Healthcare,20.39,913090,Unknown,Zero-day,VPN,2,22.330766956159852,2015-2019
Germany,2018,Sql Injection,Telecommunications,38.65,368222,Insider,Zero-day,VPN,56,104.96385332761214,2015-2019
India,2022,Sql Injection,Healthcare,77.3,826937,Unknown,Zero-day,AI-based Detection,64,93.47749586727889,2020-2024
Brazil,2015,Ransomware,Retail,89.93,673959,Hacker Group,Zero-day,Firewall,39,133.43541669448734,2015-2019
Uk,2022,Ransomware,Education,4.29,383246,Nation-state,Unpatched Software,VPN,45,11.193854599917547,2020-2024
Uk,2019,Man-In-The-Middle,Banking,76.03,422890,Insider,Social Engineering,VPN,4,179.7867057627279,2015-2019
Australia,2020,Malware,Banking,42.3,497035,Hacker Group,Zero-day,AI-based Detection,66,85.1046706972346,2020-2024
Brazil,2023,Phishing,Government,72.57,720220,Unknown,Weak Passwords,Firewall,71,100.76087862042154,2020-2024
Russia,2019,Phishing,Government,93.7,808318,Nation-state,Social Engineering,Antivirus,57,115.91972466281834,2015-2019
Germany,2022,Sql Injection,IT,68.63,294981,Unknown,Zero-day,AI-based Detection,3,232.6590526169482,2020-2024
Usa,2017,Phishing,Healthcare,52.7,281182,Nation-state,Zero-day,Encryption,27,187.42309251659069,2015-2019
Australia,2017,Ransomware,Education,66.56,95750,Nation-state,Zero-day,Antivirus,44,695.1436031331592,2015-2019
Brazil,2015,Ransomware,Retail,91.03,879260,Hacker Group,Social Engineering,Antivirus,16,103.53024133930805,2015-2019
Russia,2017,Man-In-The-Middle,IT,14.74,561615,Hacker Group,Weak Passwords,Antivirus,29,26.24573773848633,2015-2019
Brazil,2016,Sql Injection,Retail,40.29,206598,Unknown,Zero-day,Encryption,45,195.01640867772196,2015-2019
Brazil,2017,Man-In-The-Middle,IT,56.83,171305,Unknown,Unpatched Software,Firewall,54,331.74746796649254,2015-2019
Russia,2024,Sql Injection,Government,63.45,492909,Unknown,Zero-day,AI-based Detection,42,128.72558626440176,2020-2024
Uk,2021,Man-In-The-Middle,IT,72.57,477493,Hacker Group,Unpatched Software,Encryption,16,151.98128558952698,2020-2024
Japan,2021,Phishing,Government,22.94,622723,Nation-state,Weak Passwords,AI-based Detection,67,36.83820896289362,2020-2024
Australia,2016,Malware,Healthcare,80.22,124155,Nation-state,Weak Passwords,Encryption,40,646.1278240908541,2015-2019
China,2024,Malware,Retail,34.49,897277,Unknown,Zero-day,VPN,55,38.43852010025889,2020-2024
Usa,2017,Sql Injection,Healthcare,51.26,28682,Hacker Group,Zero-day,VPN,44,1787.183599470051,2015-2019
Japan,2020,Phishing,Banking,73.04,512431,Nation-state,Unpatched Software,VPN,44,142.5362634188798,2020-2024
Australia,2018,Sql Injection,IT,19.14,171977,Unknown,Zero-day,Antivirus,44,111.2939520982457,2015-2019
Uk,2015,Sql Injection,Telecommunications,38.72,943070,Hacker Group,Zero-day,VPN,36,41.057397648106715,2015-2019
Japan,2021,Ddos,Education,14.88,887855,Nation-state,Zero-day,AI-based Detection,7,16.759493385744292,2020-2024
Usa,2018,Ransomware,Retail,54.05,535110,Nation-state,Zero-day,Antivirus,2,101.00726953336697,2015-2019
Usa,2021,Man-In-The-Middle,Telecommunications,42.29,817386,Nation-state,Zero-day,Firewall,8,51.73810170470255,2020-2024
India,2018,Phishing,Banking,96.59,206552,Nation-state,Weak Passwords,Encryption,13,467.6304272047717,2015-2019
Brazil,2020,Man-In-The-Middle,Education,71.35,154966,Hacker Group,Zero-day,Antivirus,19,460.423576784585,2020-2024
France,2016,Phishing,Banking,54.5,511287,Unknown,Unpatched Software,Antivirus,34,106.59375262817166,2015-2019
Germany,2023,Sql Injection,Banking,94.48,426499,Unknown,Unpatched Software,VPN,37,221.52455222638272,2020-2024
Uk,2016,Man-In-The-Middle,Telecommunications,73.63,15907,Hacker Group,Social Engineering,Antivirus,36,4628.779782485698,2015-2019
Uk,2022,Phishing,Education,36.15,375734,Nation-state,Weak Passwords,AI-based Detection,31,96.21168166841436,2020-2024
Brazil,2023,Malware,Government,19.18,993826,Unknown,Zero-day,Firewall,7,19.299152970439494,2020-2024
India,2023,Ransomware,Banking,83.18,397813,Nation-state,Social Engineering,Antivirus,12,209.09321716484882,2020-2024
France,2024,Ransomware,Banking,70.98,185001,Insider,Zero-day,VPN,3,383.6736017643148,2020-2024
Japan,2024,Ddos,IT,7.99,805548,Insider,Unpatched Software,Antivirus,10,9.918713720349377,2020-2024
Brazil,2015,Sql Injection,Retail,74.74,562552,Nation-state,Unpatched Software,Encryption,37,132.85882905047,2015-2019
Brazil,2018,Malware,Education,33.12,724513,Nation-state,Zero-day,VPN,46,45.71346545886685,2015-2019
Uk,2024,Sql Injection,Telecommunications,54.1,715395,Unknown,Social Engineering,VPN,60,75.62255816716639,2020-2024
France,2020,Ransomware,Telecommunications,75.13,177097,Unknown,Unpatched Software,Encryption,15,424.23078877677204,2020-2024
Australia,2020,Man-In-The-Middle,Banking,56.34,407084,Unknown,Unpatched Software,Firewall,11,138.39895451552997,2020-2024
Uk,2023,Phishing,Healthcare,23.66,889641,Hacker Group,Social Engineering,AI-based Detection,50,26.59499730790285,2020-2024
Usa,2019,Sql Injection,IT,17.81,378105,Unknown,Weak Passwords,Encryption,4,47.10331786144061,2015-2019
Germany,2020,Sql Injection,Education,43.96,597987,Hacker Group,Weak Passwords,Encryption,50,73.51330380091875,2020-2024
Usa,2018,Malware,Education,77.07,10600,Insider,Social Engineering,Firewall,47,7270.754716981132,2015-2019
France,2016,Sql Injection,Healthcare,10.82,586784,Hacker Group,Weak Passwords,Encryption,26,18.43949391939794,2015-2019
India,2023,Sql Injection,Banking,48.53,421083,Insider,Unpatched Software,AI-based Detection,28,115.25043756219083,2020-2024
Australia,2023,Ransomware,Education,94.86,127127,Unknown,Social Engineering,Encryption,47,746.1829509073604,2020-2024
China,2016,Malware,Government,15.92,668188,Insider,Unpatched Software,AI-based Detection,38,23.825629912539586,2015-2019
Japan,2018,Sql Injection,Education,11.28,433618,Hacker Group,Social Engineering,Antivirus,59,26.013680243901312,2015-2019
Germany,2023,Malware,Telecommunications,3.86,51176,Unknown,Social Engineering,Encryption,61,75.42598092856026,2020-2024
Germany,2016,Sql Injection,IT,34.35,918452,Unknown,Weak Passwords,AI-based Detection,16,37.399885894962395,2015-2019
Germany,2023,Ransomware,Healthcare,84.92,152814,Nation-state,Social Engineering,AI-based Detection,33,555.708246626618,2020-2024
Usa,2017,Man-In-The-Middle,Retail,74.57,502149,Hacker Group,Weak Passwords,AI-based Detection,29,148.50173952352787,2015-2019
Usa,2019,Ransomware,Healthcare,89.81,46960,Nation-state,Zero-day,AI-based Detection,16,1912.4787052810902,2015-2019
Brazil,2017,Sql Injection,Government,40.66,651335,Insider,Weak Passwords,Encryption,21,62.42563350656728,2015-2019
Brazil,2018,Ddos,Telecommunications,69.83,587034,Hacker Group,Weak Passwords,AI-based Detection,35,118.95392771117176,2015-2019
France,2015,Man-In-The-Middle,Healthcare,79.58,856278,Hacker Group,Zero-day,Firewall,71,92.93710687416937,2015-2019
China,2022,Ddos,Banking,79.07,880586,Hacker Group,Unpatched Software,VPN,56,89.79247909914534,2020-2024
Usa,2019,Ddos,Government,81.56,78873,Hacker Group,Weak Passwords,Encryption,27,1034.0674248475398,2015-2019
Australia,2017,Ddos,Banking,62.81,810106,Hacker Group,Weak Passwords,Encryption,66,77.53306357439644,2015-2019
Germany,2021,Ddos,Government,28.71,937384,Hacker Group,Unpatched Software,Encryption,67,30.627789678509554,2020-2024
Japan,2023,Man-In-The-Middle,Retail,36.68,231307,Unknown,Zero-day,Encryption,4,158.57712909682803,2020-2024
China,2016,Ddos,IT,71.75,816710,Hacker Group,Weak Passwords,VPN,60,87.85248129691078,2015-2019
Usa,2019,Man-In-The-Middle,Telecommunications,17.21,896828,Unknown,Weak Passwords,Firewall,33,19.18985580289643,2015-2019
Uk,2016,Ddos,Telecommunications,48.47,937466,Hacker Group,Social Engineering,AI-based Detection,28,51.70320843635929,2015-2019
China,2020,Ddos,Banking,11.72,81518,Nation-state,Social Engineering,VPN,47,143.7719276724159,2020-2024
Brazil,2015,Malware,IT,1.35,371048,Hacker Group,Zero-day,VPN,56,3.6383432871218817,2015-2019
Usa,2019,Phishing,IT,20.13,25946,Hacker Group,Weak Passwords,AI-based Detection,68,775.8421336622215,2015-2019
France,2017,Man-In-The-Middle,Education,14.99,942088,Insider,Zero-day,AI-based Detection,46,15.911464746393118,2015-2019
Japan,2015,Malware,Telecommunications,28.8,915532,Insider,Zero-day,Encryption,68,31.457120013281894,2015-2019
Usa,2018,Sql Injection,Government,99.49,755576,Insider,Weak Passwords,AI-based Detection,23,131.6743782227069,2015-2019
Brazil,2018,Malware,Education,6.3,661644,Insider,Social Engineering,AI-based Detection,29,9.521736764785897,2015-2019
Uk,2019,Ddos,Telecommunications,95.75,168951,Insider,Social Engineering,VPN,13,566.7323661890134,2015-2019
Russia,2022,Man-In-The-Middle,IT,49.87,816398,Insider,Social Engineering,Encryption,39,61.08540197305726,2020-2024
India,2017,Ddos,Education,83.49,79933,Hacker Group,Zero-day,AI-based Detection,23,1044.4997685561657,2015-2019
Usa,2019,Malware,Government,83.84,506149,Nation-state,Social Engineering,Encryption,35,165.64292332890116,2015-2019
Japan,2021,Phishing,Retail,81.26,245015,Nation-state,Zero-day,Firewall,41,331.65316409199437,2020-2024
Japan,2017,Sql Injection,Banking,66.81,966993,Hacker Group,Social Engineering,VPN,64,69.09046911404737,2015-2019
Australia,2016,Malware,Education,88.87,235062,Nation-state,Weak Passwords,Firewall,32,378.0704665152173,2015-2019
Brazil,2022,Phishing,Healthcare,75.08,132520,Unknown,Zero-day,Antivirus,56,566.5559915484455,2020-2024
Germany,2016,Sql Injection,Retail,56.57,869605,Unknown,Social Engineering,VPN,51,65.052523847034,2015-2019
Usa,2017,Phishing,Banking,96.27,637264,Hacker Group,Unpatched Software,AI-based Detection,11,151.0676893720656,2015-2019
Russia,2021,Ddos,Banking,45.6,759356,Insider,Social Engineering,VPN,1,60.0508852237949,2020-2024
Brazil,2021,Ddos,Education,69.37,666096,Hacker Group,Zero-day,Encryption,9,104.14414739016598,2020-2024
India,2021,Sql Injection,Telecommunications,68.91,851981,Nation-state,Zero-day,AI-based Detection,57,80.88208539861805,2020-2024
Australia,2024,Phishing,Banking,14.97,214740,Nation-state,Unpatched Software,Encryption,57,69.71221011455714,2020-2024
Brazil,2016,Phishing,Government,35.94,372653,Hacker Group,Weak Passwords,VPN,60,96.44360839708791,2015-2019
India,2024,Phishing,Banking,64.23,903871,Nation-state,Unpatched Software,Encryption,17,71.06102530117684,2020-2024
India,2015,Malware,Education,64.29,924049,Nation-state,Social Engineering,VPN,5,69.57423253528763,2015-2019
Australia,2020,Malware,Government,98.05,193983,Nation-state,Zero-day,Antivirus,31,505.45666372826486,2020-2024
Russia,2021,Ransomware,Telecommunications,11.04,904330,Nation-state,Weak Passwords,VPN,49,12.207932944832086,2020-2024
India,2018,Sql Injection,Education,52.05,874254,Nation-state,Zero-day,Antivirus,11,59.53647338187758,2015-2019
Germany,2020,Man-In-The-Middle,Healthcare,28.81,691190,Nation-state,Unpatched Software,Firewall,27,41.68173729365297,2020-2024
China,2024,Ddos,IT,61.42,412245,Nation-state,Social Engineering,Encryption,48,148.9890720324079,2020-2024
France,2021,Man-In-The-Middle,Healthcare,53.77,302180,Insider,Weak Passwords,AI-based Detection,11,177.94030048315574,2020-2024
Usa,2016,Ransomware,Government,8.21,537592,Nation-state,Social Engineering,Antivirus,11,15.271804639950002,2015-2019
Brazil,2022,Sql Injection,Retail,25.85,632061,Nation-state,Zero-day,Antivirus,2,40.897951305332874,2020-2024
Brazil,2015,Ddos,Retail,67.52,224815,Nation-state,Social Engineering,Firewall,32,300.3358316838289,2015-2019
India,2022,Ddos,IT,23.91,169310,Unknown,Weak Passwords,Encryption,36,141.2202468844132,2020-2024
Japan,2023,Man-In-The-Middle,Telecommunications,86.98,635827,Nation-state,Social Engineering,Encryption,72,136.7982171250985,2020-2024
Uk,2022,Ransomware,IT,63.67,560021,Unknown,Zero-day,Encryption,43,113.69216511523675,2020-2024
Japan,2021,Man-In-The-Middle,Government,61.03,768506,Nation-state,Zero-day,AI-based Detection,11,79.41382370469456,2020-2024
Australia,2018,Phishing,Healthcare,39.94,755469,Hacker Group,Social Engineering,Antivirus,58,52.867821181279446,2015-2019
India,2022,Ransomware,Retail,74.05,205336,Hacker Group,Social Engineering,AI-based Detection,2,360.6284333969689,2020-2024
France,2020,Ddos,IT,7.52,957779,Nation-state,Social Engineering,Encryption,17,7.85149810133653,2020-2024
Uk,2017,Malware,Education,29.47,85644,Hacker Group,Social Engineering,AI-based Detection,3,344.0988277053851,2015-2019
France,2019,Man-In-The-Middle,Telecommunications,75.99,561713,Insider,Unpatched Software,Firewall,31,135.28260873435366,2015-2019
Germany,2017,Phishing,Healthcare,53.57,287762,Insider,Weak Passwords,Encryption,13,186.1607856492518,2015-2019
India,2015,Phishing,Healthcare,76.08,471550,Unknown,Zero-day,VPN,5,161.34026084190435,2015-2019
Japan,2018,Sql Injection,IT,69.19,33209,Insider,Unpatched Software,AI-based Detection,66,2083.4713481285194,2015-2019
China,2017,Phishing,Retail,45.83,395251,Unknown,Unpatched Software,Encryption,33,115.95163579598787,2015-2019
Germany,2019,Ddos,IT,14.77,491791,Hacker Group,Zero-day,Encryption,66,30.033083159309545,2015-2019
Australia,2016,Phishing,Healthcare,53.81,279874,Hacker Group,Unpatched Software,AI-based Detection,66,192.26509071939515,2015-2019
France,2019,Malware,IT,71.94,881326,Insider,Unpatched Software,Firewall,43,81.62700294783089,2015-2019
Uk,2023,Ddos,IT,68.86,749700,Nation-state,Zero-day,AI-based Detection,35,91.8500733626784,2020-2024
Uk,2022,Phishing,Government,97.56,722445,Nation-state,Weak Passwords,Firewall,10,135.04142183834063,2020-2024
Usa,2023,Ransomware,Government,84.13,695841,Nation-state,Zero-day,AI-based Detection,21,120.90405710499957,2020-2024
Usa,2020,Sql Injection,Government,40.95,803757,Hacker Group,Social Engineering,Firewall,33,50.94823435441309,2020-2024
Japan,2022,Ddos,IT,20.16,174510,Insider,Zero-day,AI-based Detection,60,115.52346570397111,2020-2024
Germany,2022,Sql Injection,Retail,11.51,857660,Hacker Group,Zero-day,VPN,37,13.420236457337406,2020-2024
Uk,2020,Sql Injection,Banking,47.67,729265,Unknown,Zero-day,Firewall,42,65.36718476822554,2020-2024
India,2023,Phishing,Retail,38.89,836604,Hacker Group,Unpatched Software,AI-based Detection,44,46.48555349962467,2020-2024
China,2016,Malware,Government,91.69,885843,Insider,Unpatched Software,AI-based Detection,46,103.50592599365802,2015-2019
France,2015,Man-In-The-Middle,Education,17.94,808798,Unknown,Social Engineering,Encryption,60,22.181063751394046,2015-2019
Russia,2018,Man-In-The-Middle,Telecommunications,30.5,401208,Hacker Group,Unpatched Software,VPN,10,76.0204183366234,2015-2019
Japan,2021,Ransomware,Healthcare,77.33,380970,Nation-state,Weak Passwords,Encryption,44,202.9818620888784,2020-2024
Usa,2021,Phishing,Healthcare,70.03,248437,Hacker Group,Social Engineering,Encryption,70,281.8823283166356,2020-2024
Australia,2024,Sql Injection,Retail,66.49,709125,Hacker Group,Weak Passwords,AI-based Detection,37,93.76344086021504,2020-2024
Japan,2018,Malware,Education,5.33,656250,Hacker Group,Social Engineering,Firewall,67,8.121904761904762,2015-2019
India,2020,Ransomware,Healthcare,10.46,32616,Unknown,Unpatched Software,Firewall,63,320.70149619818494,2020-2024
Australia,2017,Phishing,Healthcare,39.3,290846,Unknown,Weak Passwords,Firewall,3,135.12305481251246,2015-2019
India,2023,Ddos,Banking,23.83,557428,Insider,Unpatched Software,VPN,38,42.74991568417805,2020-2024
Japan,2015,Ddos,Banking,59.13,182440,Insider,Zero-day,Firewall,8,324.1065555799167,2015-2019
Australia,2021,Ddos,Government,30.24,292383,Insider,Social Engineering,Encryption,71,103.42598577892696,2020-2024
France,2017,Ddos,Government,86.82,99728,Nation-state,Unpatched Software,VPN,44,870.5679448098829,2015-2019
Usa,2015,Ddos,IT,66.39,365006,Insider,Weak Passwords,VPN,47,181.88742102869543,2015-2019
Russia,2019,Ransomware,Telecommunications,61.11,605427,Nation-state,Zero-day,Encryption,33,100.93702461238101,2015-2019
Usa,2022,Malware,Retail,7.65,864358,Hacker Group,Unpatched Software,VPN,11,8.850499445831472,2020-2024
Usa,2016,Ransomware,Retail,9.82,610968,Unknown,Unpatched Software,Antivirus,26,16.072854879469954,2015-2019
China,2016,Ddos,IT,67.28,413150,Hacker Group,Social Engineering,Firewall,27,162.84642381701562,2015-2019
Usa,2017,Malware,Education,13.14,681956,Nation-state,Social Engineering,Antivirus,35,19.26810527365402,2015-2019
Australia,2016,Man-In-The-Middle,IT,84.46,94162,Unknown,Weak Passwords,Firewall,15,896.9648053354856,2015-2019
France,2023,Man-In-The-Middle,Retail,9.43,565002,Hacker Group,Unpatched Software,Firewall,72,16.690206406349002,2020-2024
France,2017,Phishing,Retail,90.69,275185,Nation-state,Zero-day,Encryption,20,329.5601141050566,2015-2019
Russia,2021,Ddos,Retail,37.47,476758,Hacker Group,Unpatched Software,AI-based Detection,19,78.59333246636659,2020-2024
Usa,2024,Sql Injection,Banking,7.2,312607,Hacker Group,Weak Passwords,Antivirus,24,23.03211380423343,2020-2024
Russia,2017,Phishing,Banking,94.15,963192,Hacker Group,Weak Passwords,VPN,7,97.74790488293092,2015-2019
Australia,2015,Malware,Healthcare,42.15,680874,Unknown,Zero-day,Antivirus,8,61.905727050819976,2015-2019
France,2018,Ddos,Government,15.71,904770,Hacker Group,Social Engineering,Antivirus,4,17.36352885263658,2015-2019
Usa,2022,Sql Injection,Government,98.46,429452,Hacker Group,Weak Passwords,Antivirus,6,229.26892877434497,2020-2024
Usa,2018,Ransomware,Healthcare,51.71,858128,Hacker Group,Social Engineering,Antivirus,35,60.259075569145864,2015-2019
China,2021,Malware,Education,42.26,615849,Nation-state,Unpatched Software,Encryption,44,68.62071709136492,2020-2024
Uk,2019,Phishing,Education,99.45,467349,Nation-state,Zero-day,Firewall,44,212.79600469884392,2015-2019
France,2021,Sql Injection,Retail,63.74,235418,Nation-state,Weak Passwords,Encryption,28,270.752448835688,2020-2024
Australia,2017,Sql Injection,IT,5.05,823606,Insider,Weak Passwords,Encryption,25,6.131572620889115,2015-2019
China,2020,Sql Injection,IT,89.38,923489,Nation-state,Unpatched Software,Firewall,66,96.78512683962667,2020-2024
Usa,2024,Phishing,IT,58.57,630793,Hacker Group,Social Engineering,AI-based Detection,64,92.85137913705447,2020-2024
France,2015,Sql Injection,Education,65.83,691903,Unknown,Zero-day,VPN,54,95.14339437753559,2015-2019
Uk,2019,Phishing,Government,79.79,133632,Hacker Group,Weak Passwords,Firewall,8,597.0875239463602,2015-2019
Australia,2017,Phishing,Banking,90.5,42278,Insider,Weak Passwords,AI-based Detection,45,2140.5932163300063,2015-2019
Germany,2016,Phishing,IT,2.1,176471,Unknown,Zero-day,VPN,9,11.899972233398122,2015-2019
India,2015,Sql Injection,Telecommunications,63.72,916516,Hacker Group,Social Engineering,Encryption,68,69.52415451557856,2015-2019
Japan,2023,Sql Injection,Government,87.8,510002,Hacker Group,Social Engineering,Firewall,62,172.15618762279362,2020-2024
Uk,2015,Malware,IT,82.45,435994,Nation-state,Unpatched Software,Encryption,51,189.10810699229805,2015-2019
India,2016,Ransomware,IT,66.19,537670,Hacker Group,Unpatched Software,Encryption,55,123.10525043242137,2015-2019
Russia,2022,Malware,Banking,39.62,850339,Hacker Group,Social Engineering,Firewall,50,46.59318224849149,2020-2024
Japan,2021,Ddos,Government,35.46,937562,Unknown,Zero-day,Firewall,10,37.82149873821678,2020-2024
France,2020,Malware,Government,10.62,405267,Nation-state,Unpatched Software,AI-based Detection,5,26.204946368690273,2020-2024
China,2022,Ddos,Government,80.76,346279,Unknown,Zero-day,Encryption,59,233.22234383257432,2020-2024
Brazil,2016,Ddos,Telecommunications,10.45,889928,Nation-state,Zero-day,Encryption,63,11.74252299062396,2015-2019
France,2018,Sql Injection,Healthcare,0.95,376206,Unknown,Unpatched Software,Antivirus,44,2.5252122507349695,2015-2019
India,2018,Ransomware,IT,27.14,227433,Unknown,Unpatched Software,Antivirus,13,119.3318471813677,2015-2019
Germany,2023,Ransomware,Healthcare,54.79,393779,Nation-state,Weak Passwords,Encryption,39,139.1389586544737,2020-2024
Russia,2022,Ransomware,IT,41.08,529025,Insider,Unpatched Software,AI-based Detection,42,77.65228486366429,2020-2024
Brazil,2024,Man-In-The-Middle,Education,8.94,451311,Unknown,Weak Passwords,Encryption,14,19.80895657318346,2020-2024
India,2017,Ransomware,Education,98.11,677198,Unknown,Social Engineering,VPN,28,144.87638770344861,2015-2019
Russia,2024,Man-In-The-Middle,Healthcare,9.4,480988,Nation-state,Unpatched Software,Encryption,59,19.54310710454315,2020-2024
Australia,2015,Ransomware,Telecommunications,46.39,605536,Nation-state,Unpatched Software,VPN,61,76.60981345452623,2015-2019
Brazil,2018,Ransomware,Banking,30.61,910960,Nation-state,Social Engineering,Antivirus,31,33.6019144638623,2015-2019
China,2018,Ransomware,Banking,43.98,386308,Nation-state,Weak Passwords,Antivirus,3,113.84698220073102,2015-2019
Australia,2017,Man-In-The-Middle,Banking,54.38,100855,Unknown,Social Engineering,VPN,2,539.189926131575,2015-2019
China,2023,Malware,Education,23.74,317922,Insider,Social Engineering,Antivirus,18,74.67240392297482,2020-2024
Usa,2018,Ddos,IT,82.13,220618,Unknown,Weak Passwords,Firewall,59,372.27243470614366,2015-2019
India,2015,Ransomware,Telecommunications,24.7,825941,Hacker Group,Unpatched Software,VPN,54,29.905283791457258,2015-2019
China,2022,Malware,Education,60.9,331234,Unknown,Social Engineering,Antivirus,3,183.85793728904642,2020-2024
China,2020,Man-In-The-Middle,Telecommunications,14.61,855055,Hacker Group,Unpatched Software,Antivirus,59,17.086620158937144,2020-2024
Japan,2022,Ddos,Telecommunications,34.31,305329,Unknown,Unpatched Software,Firewall,40,112.37059041230934,2020-2024
Japan,2020,Phishing,Government,32.39,442923,Nation-state,Social Engineering,Encryption,57,73.12783486068685,2020-2024
Uk,2015,Ransomware,Banking,79.3,893277,Unknown,Social Engineering,Firewall,15,88.77425479442547,2015-2019
China,2020,Malware,Healthcare,30.86,240532,Insider,Weak Passwords,Encryption,64,128.29893735552858,2020-2024
Usa,2016,Ddos,Healthcare,93.14,947960,Nation-state,Weak Passwords,Firewall,55,98.2530908477151,2015-2019
Brazil,2018,Malware,Healthcare,52.87,437283,Insider,Zero-day,Antivirus,30,120.90568350473264,2015-2019
China,2019,Malware,Healthcare,29.61,761390,Insider,Weak Passwords,Antivirus,7,38.889399650638964,2015-2019
France,2019,Phishing,Retail,25.75,998507,Insider,Weak Passwords,AI-based Detection,15,25.788502233835114,2015-2019
India,2017,Ddos,Retail,82.17,593329,Hacker Group,Unpatched Software,AI-based Detection,62,138.48977548712435,2015-2019
Uk,2019,Phishing,Banking,60.07,197590,Insider,Zero-day,Encryption,62,304.0133610000506,2015-2019
Japan,2017,Ransomware,Banking,50.75,53111,Hacker Group,Social Engineering,Antivirus,15,955.5459321044605,2015-2019
Australia,2017,Phishing,Retail,14.88,69641,Hacker Group,Unpatched Software,Firewall,54,213.66723625450524,2015-2019
Germany,2022,Ddos,IT,73.98,953770,Insider,Weak Passwords,Firewall,54,77.56587017834488,2020-2024
Japan,2023,Sql Injection,Retail,42.33,643549,Nation-state,Weak Passwords,VPN,20,65.77587720593148,2020-2024
Brazil,2022,Man-In-The-Middle,Education,77.98,899279,Insider,Zero-day,Firewall,39,86.71391192277369,2020-2024
India,2016,Ransomware,Education,8.55,857887,Unknown,Social Engineering,Firewall,44,9.96634754926931,2015-2019
Russia,2016,Phishing,Government,30.57,503775,Unknown,Zero-day,VPN,71,60.68185201726961,2015-2019
Japan,2015,Sql Injection,IT,36.98,452892,Unknown,Weak Passwords,VPN,17,81.65302102929617,2015-2019
Russia,2018,Ransomware,Healthcare,24.06,327566,Unknown,Unpatched Software,AI-based Detection,6,73.45084654695542,2015-2019
Australia,2018,Ransomware,Education,50.66,851204,Insider,Zero-day,Firewall,3,59.51569776457817,2015-2019
Uk,2017,Man-In-The-Middle,Government,79.27,923309,Hacker Group,Unpatched Software,Firewall,29,85.85424814444568,2015-2019
Brazil,2023,Phishing,Banking,71.86,151590,Nation-state,Zero-day,Antivirus,30,474.0418233392704,2020-2024
Uk,2022,Ddos,Education,21.01,452432,Nation-state,Unpatched Software,Firewall,8,46.43791774233476,2020-2024
Japan,2015,Ransomware,Retail,95.38,769596,Nation-state,Weak Passwords,VPN,65,123.93515558812676,2015-2019
Germany,2022,Phishing,Banking,14.79,407151,Unknown,Weak Passwords,Antivirus,37,36.32558927768813,2020-2024
Brazil,2023,Ddos,IT,45.97,312555,Nation-state,Social Engineering,AI-based Detection,67,147.07811425189166,2020-2024
Brazil,2019,Man-In-The-Middle,Government,76.39,311908,Unknown,Weak Passwords,Encryption,68,244.9119612193339,2015-2019
China,2018,Malware,Banking,68.55,59979,Insider,Zero-day,Firewall,41,1142.9000150052518,2015-2019
Japan,2019,Malware,IT,9.86,233545,Unknown,Zero-day,Antivirus,55,42.21884433406838,2015-2019
France,2020,Man-In-The-Middle,Retail,89.85,722081,Hacker Group,Zero-day,VPN,33,124.43202355414421,2020-2024
Russia,2024,Sql Injection,Healthcare,76.99,873037,Nation-state,Unpatched Software,Antivirus,31,88.18641134339094,2020-2024
India,2022,Malware,IT,12.08,482213,Nation-state,Social Engineering,AI-based Detection,3,25.05117033344186,2020-2024
India,2020,Phishing,Education,39.72,512850,Hacker Group,Zero-day,Antivirus,15,77.44954665106756,2020-2024
China,2023,Man-In-The-Middle,Telecommunications,37.73,849834,Hacker Group,Zero-day,AI-based Detection,56,44.39690574865209,2020-2024
Brazil,2022,Malware,Retail,78.03,660707,Insider,Unpatched Software,Firewall,11,118.1007617597513,2020-2024
Usa,2021,Ransomware,Education,6.77,697935,Unknown,Social Engineering,AI-based Detection,16,9.700043700344589,2020-2024
Russia,2019,Malware,IT,71.92,500655,Nation-state,Zero-day,AI-based Detection,8,143.65181612088165,2015-2019
Usa,2020,Ransomware,IT,95.79,239343,Nation-state,Zero-day,VPN,63,400.22060390318495,2020-2024
China,2023,Phishing,Retail,90.04,143728,Unknown,Zero-day,AI-based Detection,57,626.461093175999,2020-2024
Usa,2020,Phishing,Retail,99.64,464717,Insider,Weak Passwords,VPN,27,214.4100603162785,2020-2024
Russia,2018,Sql Injection,Education,1.25,351063,Nation-state,Weak Passwords,Firewall,56,3.5606144766039143,2015-2019
Australia,2015,Ddos,Government,13.96,479025,Nation-state,Zero-day,Antivirus,54,29.142529095558686,2015-2019
Germany,2021,Ddos,Banking,1.62,823004,Nation-state,Zero-day,Encryption,22,1.968398695510593,2020-2024
Russia,2021,Ddos,Education,18.47,394957,Hacker Group,Weak Passwords,Antivirus,27,46.76458449907205,2020-2024
France,2019,Phishing,Telecommunications,28.88,96640,Unknown,Social Engineering,Antivirus,60,298.841059602649,2015-2019
Russia,2024,Ddos,Education,19.5,325634,Insider,Weak Passwords,Firewall,5,59.88318173163736,2020-2024
France,2023,Sql Injection,Government,29.63,662667,Hacker Group,Zero-day,VPN,30,44.713257186490345,2020-2024
Usa,2024,Phishing,IT,57.24,107681,Unknown,Zero-day,VPN,18,531.570100574846,2020-2024
Russia,2017,Phishing,Banking,3.2,982243,Insider,Zero-day,Encryption,6,3.257849635986207,2015-2019
Japan,2022,Sql Injection,Government,79.19,950425,Unknown,Social Engineering,Antivirus,54,83.32061972275561,2020-2024
Brazil,2017,Ransomware,Education,80.5,279808,Insider,Social Engineering,Antivirus,60,287.6972781335773,2015-2019
India,2024,Sql Injection,Telecommunications,71.2,190099,Unknown,Zero-day,AI-based Detection,15,374.54168617404616,2020-2024
Brazil,2019,Malware,Government,12.04,713035,Nation-state,Social Engineering,AI-based Detection,59,16.885566627164163,2015-2019
Australia,2016,Malware,Retail,29.05,817347,Nation-state,Weak Passwords,Antivirus,68,35.541820059289385,2015-2019
Germany,2023,Ransomware,Healthcare,28.18,707214,Unknown,Weak Passwords,AI-based Detection,11,39.84649625148823,2020-2024
Uk,2016,Ddos,Retail,39.26,668780,Hacker Group,Zero-day,Firewall,33,58.70390860970723,2015-2019
Russia,2015,Ddos,Telecommunications,57.21,609196,Unknown,Social Engineering,VPN,4,93.91066257821785,2015-2019
Usa,2021,Man-In-The-Middle,Telecommunications,83.88,980367,Nation-state,Unpatched Software,Firewall,3,85.55979546435161,2020-2024
Russia,2022,Man-In-The-Middle,IT,84.1,919858,Nation-state,Unpatched Software,Encryption,47,91.42715506088983,2020-2024
France,2017,Ddos,Healthcare,39.49,195459,Hacker Group,Weak Passwords,Encryption,14,202.0372558950982,2015-2019
Russia,2015,Man-In-The-Middle,Government,46.76,713342,Unknown,Weak Passwords,Encryption,36,65.55060545993366,2015-2019
Uk,2019,Ddos,Banking,80.68,19007,Nation-state,Unpatched Software,VPN,29,4244.751933498185,2015-2019
China,2022,Ransomware,Government,86.56,963091,Insider,Zero-day,VPN,37,89.8772805477364,2020-2024
Uk,2017,Malware,Government,66.25,726887,Hacker Group,Social Engineering,Firewall,13,91.14208948571098,2015-2019
Russia,2021,Ddos,IT,78.76,130413,Unknown,Social Engineering,Encryption,66,603.9275225629347,2020-2024
Germany,2017,Malware,Banking,97.68,906914,Hacker Group,Zero-day,AI-based Detection,15,107.7059125782599,2015-2019
China,2020,Ransomware,IT,14.94,557218,Nation-state,Zero-day,Firewall,70,26.811768464048182,2020-2024
Russia,2018,Sql Injection,Banking,59.29,380543,Unknown,Weak Passwords,VPN,26,155.80368053018975,2015-2019
Uk,2022,Malware,Retail,39.55,337363,Insider,Social Engineering,VPN,2,117.23277300711696,2020-2024
China,2018,Ddos,IT,14.04,803086,Nation-state,Social Engineering,VPN,23,17.482561020862025,2015-2019
China,2024,Man-In-The-Middle,IT,63.79,195858,Hacker Group,Zero-day,Encryption,1,325.6951464836769,2020-2024
India,2019,Malware,Banking,37.03,358371,Insider,Weak Passwords,AI-based Detection,30,103.32867335805632,2015-2019
Australia,2019,Phishing,Retail,9.12,212267,Insider,Zero-day,Antivirus,14,42.96475665082184,2015-2019
France,2021,Man-In-The-Middle,Healthcare,52.04,757744,Nation-state,Zero-day,Antivirus,43,68.67754809012014,2020-2024
Japan,2017,Ransomware,Retail,59.13,747705,Insider,Unpatched Software,VPN,47,79.08199089212992,2015-2019
Usa,2024,Phishing,Telecommunications,64.67,996651,Hacker Group,Weak Passwords,Encryption,69,64.88730759312939,2020-2024
Uk,2015,Ransomware,Government,52.78,281905,Insider,Social Engineering,VPN,32,187.22619322112058,2015-2019
Brazil,2019,Man-In-The-Middle,Healthcare,7.44,739981,Unknown,Social Engineering,Antivirus,54,10.05431220531338,2015-2019
France,2016,Sql Injection,Telecommunications,47.19,554448,Hacker Group,Social Engineering,Antivirus,31,85.11167864254178,2015-2019
Usa,2016,Ransomware,Healthcare,99.19,745103,Insider,Unpatched Software,Encryption,8,133.1225347368082,2015-2019
India,2015,Ddos,Healthcare,10.94,600279,Insider,Unpatched Software,AI-based Detection,16,18.224858774003422,2015-2019
Russia,2016,Man-In-The-Middle,IT,48.86,973654,Unknown,Unpatched Software,Encryption,23,50.182097541837244,2015-2019
China,2016,Ddos,Telecommunications,80.48,78123,Hacker Group,Social Engineering,Antivirus,50,1030.1703723615324,2015-2019
Uk,2015,Man-In-The-Middle,Government,69.96,675955,Insider,Zero-day,Antivirus,60,103.49801392104504,2015-2019
China,2016,Ddos,IT,18.96,122866,Insider,Unpatched Software,VPN,46,154.31445639965492,2015-2019
Russia,2018,Ransomware,Education,66.33,177570,Nation-state,Social Engineering,Encryption,72,373.5428281804359,2015-2019
France,2024,Man-In-The-Middle,Retail,60.4,774913,Unknown,Unpatched Software,Antivirus,43,77.94423373978756,2020-2024
China,2024,Phishing,IT,24.92,852327,Unknown,Zero-day,VPN,44,29.237604815991983,2020-2024
Australia,2019,Ddos,IT,32.06,775033,Hacker Group,Zero-day,Antivirus,8,41.36598054534453,2015-2019
China,2022,Phishing,Telecommunications,71.77,823093,Insider,Zero-day,Firewall,36,87.19549309737782,2020-2024
France,2018,Phishing,Government,70.59,947445,Insider,Social Engineering,Encryption,59,74.50564412709973,2015-2019
Japan,2018,Ddos,IT,75.34,972713,Unknown,Unpatched Software,Encryption,71,77.45347291544371,2015-2019
France,2023,Malware,Banking,9.99,116840,Unknown,Zero-day,Firewall,51,85.50154056829852,2020-2024
Usa,2021,Ransomware,Telecommunications,91.94,710953,Unknown,Zero-day,Firewall,9,129.31937835553123,2020-2024
Russia,2015,Ddos,IT,66.09,467190,Nation-state,Social Engineering,AI-based Detection,25,141.46278815899313,2015-2019
Germany,2024,Phishing,Healthcare,66.73,540773,Unknown,Unpatched Software,VPN,15,123.39743293396675,2020-2024
Australia,2018,Sql Injection,Banking,40.11,874040,Unknown,Social Engineering,Firewall,6,45.89034826781383,2015-2019
Australia,2022,Sql Injection,Healthcare,60.71,8498,Nation-state,Weak Passwords,VPN,17,7144.033890327136,2020-2024
Usa,2016,Ddos,IT,18.48,112881,Hacker Group,Social Engineering,VPN,32,163.7122279214394,2015-2019
Japan,2018,Ddos,IT,9.9,942725,Insider,Zero-day,VPN,56,10.501471797183696,2015-2019
France,2024,Phishing,Education,52.03,168684,Nation-state,Unpatched Software,VPN,27,308.44656280382253,2020-2024
Japan,2018,Ddos,Telecommunications,25.06,559274,Hacker Group,Social Engineering,Firewall,27,44.80809048874076,2015-2019
Uk,2016,Phishing,Retail,13.68,144856,Unknown,Unpatched Software,Antivirus,13,94.43861490031479,2015-2019
Japan,2015,Malware,Banking,2.63,418914,Nation-state,Unpatched Software,Firewall,53,6.27813823362313,2015-2019
Brazil,2024,Phishing,Retail,88.47,842945,Hacker Group,Weak Passwords,Firewall,67,104.95346671491022,2020-2024
Uk,2022,Ddos,Government,50.04,841198,Unknown,Zero-day,VPN,41,59.48658936421627,2020-2024
Germany,2024,Phishing,Government,19.52,50054,Insider,Unpatched Software,Antivirus,24,389.978822871299,2020-2024
Brazil,2020,Ddos,Telecommunications,4.52,52302,Unknown,Social Engineering,VPN,58,86.42116936254828,2020-2024
India,2015,Man-In-The-Middle,Banking,97.28,694308,Nation-state,Weak Passwords,VPN,66,140.11072895602527,2015-2019
China,2019,Malware,Telecommunications,62.67,520232,Nation-state,Weak Passwords,Encryption,53,120.46548462993434,2015-2019
Germany,2018,Sql Injection,Retail,46.34,575379,Unknown,Zero-day,AI-based Detection,35,80.5382191564169,2015-2019
Russia,2023,Man-In-The-Middle,IT,26.45,850714,Hacker Group,Unpatched Software,Encryption,6,31.091530173477807,2020-2024
Germany,2023,Sql Injection,Healthcare,14.12,403325,Hacker Group,Weak Passwords,AI-based Detection,35,35.0089877890039,2020-2024
Brazil,2022,Phishing,Education,80.99,345577,Insider,Unpatched Software,Encryption,4,234.36166180040917,2020-2024
Australia,2017,Man-In-The-Middle,IT,30.51,428352,Hacker Group,Unpatched Software,Firewall,41,71.22646795159122,2015-2019
Brazil,2023,Phishing,Banking,69.45,852592,Nation-state,Zero-day,AI-based Detection,12,81.45748494004167,2020-2024
Usa,2019,Sql Injection,Education,78.12,36804,Unknown,Weak Passwords,VPN,30,2122.595370068471,2015-2019
Brazil,2020,Phishing,Telecommunications,92.63,725707,Hacker Group,Weak Passwords,AI-based Detection,9,127.64104521521772,2020-2024
Australia,2017,Man-In-The-Middle,Telecommunications,35.27,765929,Nation-state,Weak Passwords,Firewall,16,46.04865464031261,2015-2019
Russia,2017,Man-In-The-Middle,Retail,17.22,242574,Nation-state,Social Engineering,Encryption,59,70.98864676346187,2015-2019
Usa,2021,Sql Injection,Education,45.52,838652,Unknown,Social Engineering,Encryption,20,54.27757878118695,2020-2024
Japan,2018,Ddos,Telecommunications,99.04,389405,Nation-state,Weak Passwords,Antivirus,53,254.33674452048638,2015-2019
Russia,2022,Phishing,Telecommunications,56.44,359577,Unknown,Zero-day,Encryption,38,156.9622083726156,2020-2024
India,2022,Man-In-The-Middle,Telecommunications,73.24,943689,Insider,Zero-day,Firewall,32,77.61031441502445,2020-2024
Brazil,2024,Sql Injection,Education,14.69,783795,Insider,Weak Passwords,AI-based Detection,43,18.742145586537298,2020-2024
Germany,2017,Ddos,Healthcare,72.05,263506,Insider,Zero-day,Encryption,49,273.4283090328114,2015-2019
Australia,2020,Ddos,Telecommunications,20.59,457184,Insider,Social Engineering,VPN,11,45.036571708546234,2020-2024
India,2019,Sql Injection,Banking,68.44,186842,Nation-state,Zero-day,VPN,40,366.29879791481574,2015-2019
Uk,2018,Ddos,Banking,8.81,198929,Nation-state,Weak Passwords,AI-based Detection,41,44.28715772964223,2015-2019
Japan,2018,Sql Injection,Retail,51.58,65700,Hacker Group,Zero-day,Encryption,28,785.0837138508372,2015-2019
Brazil,2021,Phishing,Telecommunications,83.79,90156,Hacker Group,Unpatched Software,Antivirus,65,929.3890589644616,2020-2024
Australia,2015,Ddos,Telecommunications,14.55,470471,Nation-state,Unpatched Software,VPN,53,30.926454552990513,2015-2019
China,2021,Malware,Retail,20.52,33426,Unknown,Social Engineering,Antivirus,16,613.8933764135703,2020-2024
Russia,2024,Malware,Education,83.29,143037,Insider,Unpatched Software,Firewall,47,582.2968882177339,2020-2024
Germany,2022,Ransomware,Telecommunications,79.77,151930,Unknown,Zero-day,Encryption,4,525.0444283551635,2020-2024
China,2018,Malware,Education,97.2,499651,Nation-state,Zero-day,Encryption,50,194.53578597861306,2015-2019
Brazil,2017,Ddos,Education,41.63,249211,Insider,Zero-day,AI-based Detection,59,167.04720096624948,2015-2019
Germany,2024,Sql Injection,IT,1.01,470074,Insider,Weak Passwords,Encryption,9,2.148597880333735,2020-2024
Japan,2015,Phishing,Banking,87.5,429920,Nation-state,Zero-day,Encryption,37,203.52623743952364,2015-2019
Australia,2019,Sql Injection,Healthcare,0.75,269314,Unknown,Social Engineering,VPN,64,2.78485336818732,2015-2019
Uk,2019,Man-In-The-Middle,Healthcare,37.16,696199,Nation-state,Weak Passwords,Encryption,42,53.37554348684787,2015-2019
Russia,2020,Phishing,Banking,98.38,355505,Nation-state,Unpatched Software,AI-based Detection,35,276.73309798737006,2020-2024
Australia,2023,Ddos,IT,55.94,890234,Nation-state,Unpatched Software,VPN,53,62.83741128736939,2020-2024
Brazil,2019,Ransomware,Telecommunications,23.63,581616,Insider,Social Engineering,Encryption,1,40.6281807928255,2015-2019
China,2021,Sql Injection,IT,39.44,155768,Nation-state,Social Engineering,AI-based Detection,19,253.19706229777617,2020-2024
Australia,2024,Malware,Telecommunications,83.69,824298,Nation-state,Unpatched Software,Firewall,4,101.52881603497764,2020-2024
Uk,2018,Malware,Government,28.88,212533,Insider,Unpatched Software,Antivirus,71,135.88478024589122,2015-2019
Brazil,2019,Ransomware,Banking,10.1,47737,Hacker Group,Social Engineering,Encryption,69,211.5759264302323,2015-2019
Brazil,2018,Man-In-The-Middle,IT,47.01,940513,Unknown,Unpatched Software,Encryption,10,49.983360144942175,2015-2019
Russia,2021,Man-In-The-Middle,Banking,18.66,292992,Insider,Zero-day,Encryption,15,63.68774574049804,2020-2024
Germany,2024,Malware,Telecommunications,79.72,639779,Nation-state,Zero-day,Antivirus,6,124.60552784633444,2020-2024
Australia,2019,Ddos,Banking,29.85,949862,Hacker Group,Weak Passwords,Firewall,25,31.425617616032646,2015-2019
Usa,2021,Phishing,Healthcare,0.92,260396,Hacker Group,Zero-day,Antivirus,16,3.533080385259374,2020-2024
Australia,2024,Phishing,IT,92.48,215376,Nation-state,Social Engineering,Firewall,18,429.3886041155932,2020-2024
France,2016,Ddos,Telecommunications,20.09,689397,Insider,Social Engineering,AI-based Detection,68,29.141409086491528,2015-2019
Brazil,2016,Sql Injection,Education,16.24,238092,Nation-state,Zero-day,AI-based Detection,32,68.20892764141591,2015-2019
India,2019,Phishing,Banking,18.42,289539,Nation-state,Unpatched Software,Antivirus,27,63.618372654461055,2015-2019
Russia,2020,Ddos,Healthcare,49.02,382327,Insider,Zero-day,VPN,30,128.21485273077758,2020-2024
Australia,2018,Phishing,Government,12.43,605810,Unknown,Zero-day,Firewall,41,20.517984186461103,2015-2019
Australia,2019,Ddos,Banking,1.27,588345,Insider,Unpatched Software,Firewall,49,2.158597421580875,2015-2019
Uk,2019,Phishing,Government,21.58,831367,Insider,Social Engineering,Antivirus,55,25.95724872408936,2015-2019
Brazil,2019,Man-In-The-Middle,Banking,14.64,880671,Hacker Group,Social Engineering,Firewall,66,16.623688074207053,2015-2019
France,2023,Ddos,Retail,92.32,418211,Insider,Unpatched Software,Encryption,39,220.74981289349157,2020-2024
France,2022,Man-In-The-Middle,Retail,31.4,264380,Insider,Zero-day,VPN,37,118.76843936757697,2020-2024
Brazil,2017,Phishing,Banking,9.25,437974,Hacker Group,Zero-day,Encryption,20,21.119975158342733,2015-2019
India,2021,Phishing,IT,37.1,713949,Hacker Group,Unpatched Software,Antivirus,71,51.96449606344431,2020-2024
Usa,2022,Sql Injection,IT,8.5,523164,Hacker Group,Weak Passwords,AI-based Detection,30,16.247295303193646,2020-2024
Uk,2015,Ddos,Telecommunications,85.23,193852,Insider,Zero-day,VPN,54,439.6653116810763,2015-2019
Uk,2024,Ddos,Retail,14.09,655640,Nation-state,Zero-day,Firewall,61,21.490452077359528,2020-2024
France,2021,Phishing,IT,76.02,573328,Insider,Zero-day,AI-based Detection,10,132.59425669075992,2020-2024
Uk,2019,Malware,Government,46.27,798717,Hacker Group,Social Engineering,Encryption,10,57.930405888443595,2015-2019
Brazil,2019,Ddos,Telecommunications,59.86,899413,Nation-state,Weak Passwords,Encryption,11,66.55451944768421,2015-2019
France,2017,Sql Injection,Healthcare,18.75,436009,Nation-state,Social Engineering,AI-based Detection,44,43.0036994649193,2015-2019
Uk,2020,Sql Injection,Retail,56.3,142291,Nation-state,Weak Passwords,VPN,29,395.66803241245054,2020-2024
Germany,2019,Man-In-The-Middle,Government,64.8,276197,Unknown,Zero-day,Firewall,2,234.61514788357584,2015-2019
Russia,2020,Ransomware,IT,33.61,807918,Hacker Group,Social Engineering,Antivirus,37,41.60075651241834,2020-2024
France,2021,Man-In-The-Middle,Telecommunications,90.99,483484,Hacker Group,Unpatched Software,VPN,2,188.1965070198807,2020-2024
Russia,2015,Ransomware,IT,41.79,7290,Insider,Weak Passwords,AI-based Detection,32,5732.510288065843,2015-2019
India,2022,Ddos,IT,38.69,333967,Insider,Zero-day,Firewall,26,115.84976958801319,2020-2024
China,2020,Man-In-The-Middle,Education,84.4,840118,Hacker Group,Zero-day,Encryption,58,100.46207794619328,2020-2024
Usa,2024,Malware,Healthcare,69.46,187312,Nation-state,Zero-day,VPN,58,370.82514734774065,2020-2024
Brazil,2024,Ddos,IT,34.46,470727,Unknown,Weak Passwords,Firewall,8,73.20591340628432,2020-2024
India,2023,Malware,Education,95.97,629490,Hacker Group,Zero-day,VPN,38,152.45675070295002,2020-2024
France,2021,Sql Injection,Government,98.76,904598,Hacker Group,Social Engineering,AI-based Detection,11,109.17556748964734,2020-2024
Usa,2017,Ransomware,Education,12.59,820632,Unknown,Social Engineering,AI-based Detection,65,15.341834098597179,2015-2019
Japan,2019,Ddos,Retail,78.78,214152,Insider,Weak Passwords,Firewall,7,367.86955059957415,2015-2019
Australia,2024,Ddos,Banking,21.11,18766,Insider,Weak Passwords,Firewall,43,1124.9067462432058,2020-2024
France,2020,Malware,Banking,50.19,760230,Nation-state,Zero-day,VPN,56,66.0194941004696,2020-2024
India,2021,Ransomware,Healthcare,76.83,603402,Insider,Zero-day,AI-based Detection,57,127.32804995674526,2020-2024
France,2020,Man-In-The-Middle,Healthcare,17.49,693907,Hacker Group,Zero-day,AI-based Detection,54,25.205106736205284,2020-2024
Brazil,2017,Sql Injection,Banking,66.78,698892,Unknown,Zero-day,AI-based Detection,24,95.55124396902525,2015-2019
Uk,2015,Phishing,IT,24.17,64082,Unknown,Social Engineering,Antivirus,16,377.17299709746885,2015-2019
Usa,2022,Ransomware,IT,38.84,687052,Nation-state,Unpatched Software,Encryption,34,56.53138335962926,2020-2024
Russia,2018,Phishing,Government,14.98,417488,Hacker Group,Weak Passwords,Encryption,23,35.88127083892232,2015-2019
Germany,2020,Ransomware,Telecommunications,15.14,970038,Nation-state,Zero-day,Firewall,47,15.607635989517936,2020-2024
Japan,2016,Sql Injection,Government,10.4,240441,Unknown,Zero-day,Antivirus,17,43.253854375917584,2015-2019
India,2020,Man-In-The-Middle,Banking,59.67,747418,Insider,Unpatched Software,VPN,20,79.83484475888994,2020-2024
Japan,2019,Malware,Retail,36.66,977185,Insider,Social Engineering,Antivirus,71,37.515925848227305,2015-2019
India,2019,Malware,Retail,58.98,267401,Unknown,Zero-day,Firewall,20,220.56761193862403,2015-2019
Germany,2022,Ransomware,Retail,19.47,496271,Hacker Group,Unpatched Software,AI-based Detection,20,39.2325967062351,2020-2024
France,2015,Phishing,Banking,64.62,104619,Insider,Unpatched Software,Antivirus,68,617.6698305279157,2015-2019
Russia,2024,Ransomware,Healthcare,98.25,877571,Insider,Weak Passwords,Antivirus,19,111.95675335670846,2020-2024
Japan,2020,Ransomware,Healthcare,41.88,93314,Hacker Group,Unpatched Software,VPN,24,448.8072529309643,2020-2024
Brazil,2020,Ddos,Government,13.22,790415,Hacker Group,Zero-day,Encryption,52,16.72539109202128,2020-2024
Germany,2020,Ransomware,IT,54.65,107180,Nation-state,Zero-day,Antivirus,68,509.88990483299125,2020-2024
Japan,2018,Phishing,IT,72.01,401960,Nation-state,Unpatched Software,VPN,44,179.14717882376357,2015-2019
Usa,2020,Ransomware,Telecommunications,93.89,602474,Unknown,Social Engineering,VPN,71,155.84074997427274,2020-2024
Australia,2024,Phishing,Education,18.64,701144,Hacker Group,Unpatched Software,Antivirus,41,26.585123740629598,2020-2024
Uk,2024,Malware,Education,64.05,116714,Insider,Social Engineering,Encryption,37,548.7773531881351,2020-2024
France,2016,Man-In-The-Middle,IT,41.79,453408,Nation-state,Social Engineering,VPN,8,92.16864281177217,2015-2019
Uk,2022,Phishing,Retail,13.37,40843,Unknown,Weak Passwords,Encryption,66,327.3510760717871,2020-2024
Australia,2015,Man-In-The-Middle,Healthcare,1.62,336650,Hacker Group,Zero-day,VPN,35,4.812119411852072,2015-2019
China,2017,Phishing,Healthcare,92.64,911233,Hacker Group,Weak Passwords,AI-based Detection,18,101.66444806103378,2015-2019
Brazil,2023,Ransomware,Telecommunications,32.18,812908,Hacker Group,Weak Passwords,Antivirus,12,39.58627544568389,2020-2024
China,2019,Sql Injection,Education,64.26,796878,Nation-state,Zero-day,Antivirus,26,80.63969641526056,2015-2019
Japan,2023,Man-In-The-Middle,Government,81.57,738014,Unknown,Social Engineering,Antivirus,24,110.52635857856355,2020-2024
Usa,2021,Ddos,Education,87.32,315915,Nation-state,Social Engineering,Antivirus,52,276.403462956808,2020-2024
China,2022,Ransomware,Education,70.44,164734,Nation-state,Unpatched Software,Firewall,7,427.5984314106378,2020-2024
India,2024,Man-In-The-Middle,IT,1.75,617939,Unknown,Zero-day,Firewall,22,2.8319947438177553,2020-2024
Germany,2021,Phishing,Healthcare,96.81,374164,Hacker Group,Weak Passwords,Antivirus,53,258.73681059642297,2020-2024
Usa,2020,Phishing,Banking,74.51,332766,Hacker Group,Weak Passwords,Antivirus,53,223.9110966865605,2020-2024
Brazil,2018,Phishing,Healthcare,2.52,414899,Unknown,Weak Passwords,Encryption,37,6.07376735060822,2015-2019
Brazil,2017,Ddos,Retail,81.63,140371,Hacker Group,Zero-day,Encryption,13,581.5303730827593,2015-2019
Australia,2019,Ransomware,Education,43.53,729109,Insider,Weak Passwords,VPN,22,59.70300736926852,2015-2019
Uk,2020,Ddos,Education,84.28,776200,Unknown,Weak Passwords,Encryption,49,108.58026281886112,2020-2024
Russia,2019,Phishing,Healthcare,17.6,839921,Unknown,Zero-day,Antivirus,5,20.954351659263192,2015-2019
France,2019,Malware,Education,31.35,312314,Unknown,Social Engineering,AI-based Detection,35,100.37974602483398,2015-2019
Australia,2024,Man-In-The-Middle,Healthcare,65.72,299613,Hacker Group,Zero-day,Firewall,20,219.3496276863821,2020-2024
India,2016,Phishing,Banking,43.81,250482,Insider,Weak Passwords,VPN,20,174.90278742584297,2015-2019
Brazil,2021,Ddos,Banking,84.41,230110,Unknown,Social Engineering,Antivirus,51,366.82456216592067,2020-2024
Australia,2015,Sql Injection,Retail,55.78,852650,Nation-state,Social Engineering,AI-based Detection,50,65.41957426845717,2015-2019
Germany,2024,Ddos,Telecommunications,67.47,337890,Unknown,Weak Passwords,Antivirus,35,199.6803693509722,2020-2024
Japan,2016,Malware,Education,8.08,557108,Nation-state,Zero-day,Firewall,17,14.503471499242517,2015-2019
Australia,2022,Ddos,Telecommunications,46.2,299968,Insider,Zero-day,Antivirus,46,154.01642841903137,2020-2024
China,2022,Phishing,Telecommunications,72.06,459296,Nation-state,Weak Passwords,AI-based Detection,13,156.89228732669127,2020-2024
India,2019,Ransomware,Telecommunications,90.48,46972,Nation-state,Social Engineering,VPN,23,1926.253938516563,2015-2019
Uk,2022,Malware,Healthcare,21.26,602041,Hacker Group,Unpatched Software,AI-based Detection,25,35.31320956546149,2020-2024
Japan,2016,Phishing,Banking,82.93,36797,Insider,Unpatched Software,VPN,2,2253.7163355708344,2015-2019
China,2021,Sql Injection,Healthcare,23.15,730762,Insider,Social Engineering,VPN,19,31.67926082637028,2020-2024
Russia,2016,Malware,Government,66.19,91194,Hacker Group,Unpatched Software,Encryption,72,725.8152948658903,2015-2019
India,2015,Sql Injection,Banking,95.81,42883,Unknown,Zero-day,Encryption,37,2234.218688058205,2015-2019
Uk,2024,Sql Injection,Retail,48.33,422592,Nation-state,Unpatched Software,VPN,37,114.36562925942754,2020-2024
India,2015,Man-In-The-Middle,Healthcare,29.54,837320,Unknown,Social Engineering,VPN,14,35.27922419146802,2015-2019
Usa,2020,Phishing,Banking,44.08,708034,Unknown,Zero-day,AI-based Detection,39,62.256897267645336,2020-2024
Japan,2024,Phishing,IT,91.71,47841,Hacker Group,Weak Passwords,Antivirus,23,1916.9749796199912,2020-2024
Japan,2015,Sql Injection,Banking,73.94,274703,Nation-state,Social Engineering,Encryption,6,269.1634237703993,2015-2019
Australia,2021,Malware,Healthcare,10.35,776819,Insider,Unpatched Software,VPN,64,13.323567008530945,2020-2024
Germany,2019,Man-In-The-Middle,IT,89.6,544648,Unknown,Weak Passwords,Antivirus,47,164.5099220046709,2015-2019
China,2024,Man-In-The-Middle,Government,11.99,735203,Insider,Zero-day,VPN,66,16.308420939522826,2020-2024
India,2018,Sql Injection,Education,77.02,424342,Unknown,Social Engineering,Antivirus,57,181.5045411484133,2015-2019
Russia,2018,Malware,Retail,78.82,155353,Unknown,Weak Passwords,VPN,67,507.3606560542764,2015-2019
Germany,2020,Ddos,Banking,64.64,735855,Insider,Unpatched Software,Firewall,23,87.843393059774,2020-2024
France,2016,Man-In-The-Middle,IT,11.91,765453,Unknown,Social Engineering,Antivirus,39,15.559413837296345,2015-2019
Japan,2024,Sql Injection,Education,82.52,788243,Insider,Social Engineering,VPN,38,104.68852879124839,2020-2024
Germany,2017,Phishing,Banking,69.85,253058,Hacker Group,Social Engineering,Encryption,44,276.0236783662243,2015-2019
Australia,2022,Phishing,Healthcare,80.11,537530,Nation-state,Zero-day,Encryption,14,149.03354231391737,2020-2024
China,2023,Sql Injection,Banking,2.46,95779,Nation-state,Zero-day,VPN,43,25.684127000699526,2020-2024
France,2024,Phishing,Healthcare,59.79,906160,Unknown,Zero-day,VPN,48,65.98172508166328,2020-2024
Russia,2019,Ransomware,Education,11.06,490910,Insider,Zero-day,AI-based Detection,58,22.52958790817054,2015-2019
Uk,2020,Sql Injection,Banking,73.69,522097,Hacker Group,Weak Passwords,VPN,63,141.14235477315518,2020-2024
Germany,2016,Man-In-The-Middle,Retail,53.57,218143,Nation-state,Unpatched Software,Encryption,27,245.57285817101626,2015-2019
Germany,2018,Malware,IT,30.2,667023,Unknown,Zero-day,Antivirus,26,45.275800084854644,2015-2019
Australia,2023,Malware,Education,67.23,362308,Unknown,Social Engineering,AI-based Detection,5,185.5603519657308,2020-2024
Russia,2023,Ddos,IT,86.81,717258,Insider,Unpatched Software,Firewall,16,121.0303684308854,2020-2024
Brazil,2018,Man-In-The-Middle,Retail,76.39,984,Insider,Unpatched Software,Firewall,56,77632.1138211382,2015-2019
Russia,2023,Ddos,Telecommunications,96.61,956064,Insider,Weak Passwords,Antivirus,45,101.04972052080196,2020-2024
Australia,2024,Malware,Retail,64.3,891367,Nation-state,Social Engineering,Firewall,21,72.1363927540508,2020-2024
China,2019,Man-In-The-Middle,IT,79.33,842637,Nation-state,Unpatched Software,AI-based Detection,55,94.14492836179755,2015-2019
Usa,2015,Ddos,IT,45.91,772018,Hacker Group,Weak Passwords,Encryption,46,59.46752536857949,2015-2019
Australia,2022,Malware,IT,41.67,945897,Insider,Weak Passwords,Firewall,66,44.05342230707995,2020-2024
Germany,2018,Sql Injection,Banking,81.33,508544,Insider,Unpatched Software,VPN,45,159.9271646111251,2015-2019
Australia,2021,Ransomware,Healthcare,91.8,125309,Unknown,Social Engineering,Antivirus,13,732.5890398933835,2020-2024
Uk,2024,Man-In-The-Middle,IT,3.69,529410,Insider,Zero-day,Firewall,59,6.970023233410778,2020-2024
Australia,2018,Phishing,Education,24.25,665381,Insider,Unpatched Software,AI-based Detection,61,36.4452847316049,2015-2019
Japan,2019,Man-In-The-Middle,Telecommunications,89.5,163110,Nation-state,Zero-day,Encryption,35,548.7094598737049,2015-2019
Russia,2019,Ransomware,IT,60.24,354784,Hacker Group,Social Engineering,AI-based Detection,65,169.79345179038515,2015-2019
Germany,2022,Ransomware,Education,7.65,643306,Hacker Group,Zero-day,Encryption,50,11.891696952927534,2020-2024
Australia,2016,Malware,Telecommunications,44.93,23249,Insider,Social Engineering,Firewall,1,1932.5562389780205,2015-2019
Usa,2015,Sql Injection,Retail,26.98,763017,Insider,Social Engineering,Firewall,24,35.35963156784187,2015-2019
Russia,2015,Ransomware,Retail,84.08,71334,Unknown,Unpatched Software,AI-based Detection,26,1178.6805730787562,2015-2019
Australia,2019,Sql Injection,Government,99.2,605470,Nation-state,Unpatched Software,Encryption,18,163.83966175037574,2015-2019
India,2023,Sql Injection,Government,40.63,356387,Nation-state,Zero-day,Antivirus,11,114.00528077623483,2020-2024
China,2023,Malware,IT,11.89,260907,Insider,Weak Passwords,AI-based Detection,31,45.57179378092577,2020-2024
Japan,2019,Man-In-The-Middle,IT,73.71,560693,Hacker Group,Weak Passwords,Firewall,1,131.46231538471142,2015-2019
Brazil,2015,Phishing,IT,16.44,82841,Insider,Social Engineering,Encryption,36,198.45245711664515,2015-2019
Russia,2021,Malware,Government,51.05,262500,Nation-state,Social Engineering,AI-based Detection,27,194.47619047619048,2020-2024
Uk,2023,Malware,IT,49.13,116201,Nation-state,Zero-day,Firewall,14,422.80186917496405,2020-2024
China,2016,Phishing,IT,17.06,44473,Unknown,Weak Passwords,VPN,67,383.60353472893667,2015-2019
France,2017,Ransomware,IT,93.15,372975,Hacker Group,Weak Passwords,Firewall,64,249.74864267042028,2015-2019
France,2018,Ddos,Government,66.4,613192,Insider,Weak Passwords,VPN,50,108.28582238515833,2015-2019
India,2017,Sql Injection,Government,20.21,421023,Insider,Unpatched Software,Encryption,72,48.00212814976854,2015-2019
India,2015,Ransomware,Healthcare,1.48,818172,Unknown,Social Engineering,VPN,30,1.8089105958160387,2015-2019
Russia,2018,Ransomware,Education,22.77,828880,Hacker Group,Unpatched Software,Antivirus,69,27.47080397645015,2015-2019
Germany,2017,Man-In-The-Middle,Government,56.15,487668,Hacker Group,Unpatched Software,AI-based Detection,72,115.13980823018939,2015-2019
France,2020,Ransomware,Telecommunications,10.52,253094,Hacker Group,Unpatched Software,VPN,19,41.56558432835231,2020-2024
China,2015,Sql Injection,Telecommunications,34.84,712886,Hacker Group,Weak Passwords,Antivirus,7,48.87176911876513,2015-2019
China,2019,Phishing,IT,5.05,65176,Unknown,Weak Passwords,Encryption,49,77.48250889898122,2015-2019
Germany,2020,Sql Injection,IT,54.59,248356,Nation-state,Weak Passwords,AI-based Detection,25,219.8054405772359,2020-2024
China,2020,Ddos,Education,52.36,499615,Hacker Group,Unpatched Software,Antivirus,19,104.80069653633298,2020-2024
Russia,2016,Man-In-The-Middle,Telecommunications,10.2,446917,Unknown,Unpatched Software,Firewall,1,22.823029779578757,2015-2019
Usa,2023,Sql Injection,Education,77.96,164892,Insider,Weak Passwords,Firewall,63,472.7943138539165,2020-2024
Uk,2022,Sql Injection,IT,61.97,627852,Nation-state,Unpatched Software,VPN,23,98.70160483680867,2020-2024
Uk,2016,Ddos,Banking,61.15,219846,Insider,Social Engineering,AI-based Detection,13,278.1492499294961,2015-2019
Australia,2024,Malware,Education,83.04,862049,Insider,Unpatched Software,Antivirus,43,96.32863097109329,2020-2024
Usa,2015,Man-In-The-Middle,Education,37.18,270984,Nation-state,Zero-day,Encryption,28,137.20367254155227,2015-2019
India,2022,Malware,Government,27.09,979810,Insider,Weak Passwords,VPN,34,27.648217511558364,2020-2024
Germany,2015,Sql Injection,Government,0.72,944106,Insider,Unpatched Software,VPN,2,0.7626262305291991,2015-2019
Russia,2023,Phishing,Banking,9.24,612761,Nation-state,Unpatched Software,Encryption,71,15.079288662300636,2020-2024
Australia,2018,Malware,Telecommunications,8.69,813960,Hacker Group,Weak Passwords,VPN,6,10.676200304683277,2015-2019
Germany,2021,Ddos,Healthcare,32.07,510895,Unknown,Weak Passwords,Antivirus,6,62.77219389502736,2020-2024
India,2023,Malware,Healthcare,71.94,652957,Insider,Weak Passwords,Encryption,65,110.1757083544552,2020-2024
Japan,2022,Ransomware,IT,84.09,991854,Unknown,Unpatched Software,VPN,11,84.78062295458807,2020-2024
India,2018,Ransomware,Retail,56.06,382041,Unknown,Weak Passwords,Encryption,4,146.73817731604723,2015-2019
Usa,2015,Man-In-The-Middle,Government,47.76,428556,Unknown,Weak Passwords,Antivirus,15,111.44401198443144,2015-2019
Uk,2019,Sql Injection,Banking,79.34,455556,Insider,Social Engineering,Firewall,1,174.16080569677493,2015-2019
Australia,2022,Ransomware,Healthcare,17.58,18399,Unknown,Zero-day,Firewall,14,955.4867112343062,2020-2024
Germany,2016,Man-In-The-Middle,Government,97.79,984519,Nation-state,Unpatched Software,Firewall,57,99.32769199984968,2015-2019
Brazil,2021,Ddos,Retail,75.1,740795,Hacker Group,Unpatched Software,Firewall,12,101.37757409269771,2020-2024
Uk,2019,Sql Injection,Telecommunications,39.58,483585,Unknown,Unpatched Software,Encryption,13,81.84703826628204,2015-2019
Brazil,2021,Ransomware,Healthcare,78.08,989151,Unknown,Social Engineering,AI-based Detection,2,78.93638079524764,2020-2024
Germany,2016,Sql Injection,Government,63.89,946613,Insider,Social Engineering,AI-based Detection,21,67.4932628222938,2015-2019
Australia,2021,Ransomware,Banking,24.33,77845,Insider,Social Engineering,AI-based Detection,26,312.54415826321537,2020-2024
India,2020,Ransomware,IT,70.91,403494,Hacker Group,Social Engineering,Firewall,3,175.73991186981715,2020-2024
Germany,2018,Man-In-The-Middle,Banking,23.32,524693,Unknown,Unpatched Software,VPN,63,44.44503738376537,2015-2019
Uk,2016,Phishing,Education,9.84,628589,Unknown,Unpatched Software,Encryption,8,15.654107851075981,2015-2019
Australia,2018,Man-In-The-Middle,Healthcare,34.29,943349,Nation-state,Zero-day,Antivirus,5,36.34921964193528,2015-2019
Brazil,2018,Ddos,Retail,1.58,100633,Insider,Zero-day,Encryption,53,15.700615106376636,2015-2019
France,2017,Phishing,Government,59.64,551515,Unknown,Zero-day,AI-based Detection,37,108.13849124683826,2015-2019
Germany,2023,Man-In-The-Middle,Banking,80.97,289046,Nation-state,Zero-day,Encryption,41,280.1284224656283,2020-2024
Australia,2021,Malware,Retail,22.48,70067,Insider,Weak Passwords,VPN,22,320.8357714758731,2020-2024
France,2022,Phishing,Banking,69.99,366596,Insider,Weak Passwords,AI-based Detection,65,190.9186134054927,2020-2024
Japan,2021,Sql Injection,IT,51.24,452476,Nation-state,Zero-day,VPN,41,113.2435753498528,2020-2024
Japan,2020,Sql Injection,Banking,70.14,575065,Insider,Weak Passwords,Encryption,61,121.96882091589646,2020-2024
Japan,2024,Man-In-The-Middle,Education,68.35,474131,Insider,Unpatched Software,Firewall,41,144.15847097110293,2020-2024
Usa,2016,Phishing,Education,86.3,702702,Hacker Group,Zero-day,Encryption,14,122.81166127319973,2015-2019
Australia,2023,Ddos,Government,97.18,692900,Unknown,Social Engineering,Encryption,72,140.25111848751624,2020-2024
Brazil,2021,Sql Injection,IT,92.4,654303,Hacker Group,Unpatched Software,AI-based Detection,15,141.2189765292227,2020-2024
Russia,2022,Ransomware,Banking,50.11,851222,Insider,Weak Passwords,Encryption,16,58.868309324712,2020-2024
Australia,2016,Man-In-The-Middle,Government,35.59,729762,Insider,Social Engineering,VPN,6,48.76932479356283,2015-2019
Usa,2022,Ddos,Healthcare,56.89,388698,Nation-state,Social Engineering,VPN,35,146.36041348296106,2020-2024
Australia,2019,Sql Injection,Telecommunications,86.79,293647,Nation-state,Social Engineering,AI-based Detection,37,295.55895343729037,2015-2019
China,2021,Phishing,Government,84.49,884734,Hacker Group,Weak Passwords,Encryption,6,95.4976297960743,2020-2024
Uk,2023,Ddos,IT,52.75,638329,Hacker Group,Social Engineering,Firewall,11,82.63763670458337,2020-2024
India,2019,Ddos,Government,63.63,47191,Insider,Unpatched Software,VPN,28,1348.3503210357908,2015-2019
Brazil,2023,Phishing,Retail,42.69,309021,Unknown,Unpatched Software,Encryption,2,138.1459512460318,2020-2024
Germany,2018,Ddos,Telecommunications,15.14,834902,Nation-state,Weak Passwords,Firewall,63,18.13386481287624,2015-2019
France,2016,Ddos,Banking,25.81,132286,Insider,Unpatched Software,Antivirus,66,195.1075699620519,2015-2019
France,2023,Sql Injection,Banking,46.58,659062,Unknown,Unpatched Software,Antivirus,42,70.67620345278593,2020-2024
France,2020,Malware,Telecommunications,93.88,69492,Hacker Group,Social Engineering,Encryption,29,1350.9468715823405,2020-2024
Russia,2017,Phishing,IT,53.07,388154,Nation-state,Zero-day,AI-based Detection,29,136.72408373995887,2015-2019
Brazil,2024,Ddos,Government,24.23,889448,Hacker Group,Zero-day,VPN,20,27.24161502414981,2020-2024
Uk,2022,Phishing,Retail,49.08,445458,Hacker Group,Unpatched Software,Antivirus,36,110.17873738938351,2020-2024
Uk,2019,Phishing,Banking,84.5,828382,Hacker Group,Weak Passwords,AI-based Detection,4,102.00607932089302,2015-2019
Russia,2024,Sql Injection,Education,99.31,362492,Insider,Weak Passwords,AI-based Detection,63,273.9646668064399,2020-2024
Japan,2021,Man-In-The-Middle,Healthcare,55.4,68886,Hacker Group,Weak Passwords,AI-based Detection,41,804.2272740469762,2020-2024
Japan,2017,Ddos,Education,7.84,165722,Unknown,Unpatched Software,Encryption,23,47.30814255198465,2015-2019
India,2020,Sql Injection,Government,99.72,604113,Insider,Weak Passwords,Encryption,7,165.0684557359302,2020-2024
France,2019,Man-In-The-Middle,Healthcare,39.48,450466,Unknown,Unpatched Software,VPN,52,87.64257457832555,2015-2019
Australia,2019,Phishing,Banking,1.13,507976,Hacker Group,Zero-day,AI-based Detection,70,2.2245145439942045,2015-2019
India,2018,Ddos,Banking,43.45,180980,Hacker Group,Unpatched Software,AI-based Detection,15,240.0817769919328,2015-2019
France,2020,Ransomware,Healthcare,37.36,745273,Insider,Zero-day,Firewall,67,50.129281484771354,2020-2024
Germany,2023,Sql Injection,Telecommunications,94.14,536737,Unknown,Unpatched Software,Encryption,44,175.39316275941476,2020-2024
Germany,2020,Sql Injection,Banking,65.24,202102,Insider,Unpatched Software,Antivirus,54,322.8072953261224,2020-2024
Brazil,2021,Ddos,Education,80.79,134998,Unknown,Zero-day,AI-based Detection,42,598.4533104194136,2020-2024
India,2015,Ransomware,Banking,81.81,41635,Nation-state,Unpatched Software,Encryption,37,1964.9333493455026,2015-2019
Japan,2022,Phishing,Telecommunications,35.54,604908,Unknown,Zero-day,Antivirus,25,58.75273595323586,2020-2024
France,2020,Man-In-The-Middle,IT,88.42,688016,Nation-state,Zero-day,Antivirus,26,128.5144531522523,2020-2024
Brazil,2020,Ransomware,IT,56.59,679131,Hacker Group,Weak Passwords,AI-based Detection,55,83.32707533598084,2020-2024
India,2015,Ddos,Retail,39.28,585934,Insider,Unpatched Software,Antivirus,13,67.03826710858219,2015-2019
Usa,2023,Man-In-The-Middle,IT,88.81,762605,Nation-state,Unpatched Software,Encryption,53,116.45609457058373,2020-2024
Uk,2021,Malware,Healthcare,58.9,984973,Unknown,Zero-day,Encryption,30,59.79859346398327,2020-2024
Russia,2020,Phishing,Education,9.52,889970,Nation-state,Unpatched Software,VPN,20,10.696989786172567,2020-2024
Usa,2020,Phishing,Healthcare,39.92,376443,Insider,Zero-day,Antivirus,20,106.045271130025,2020-2024
Uk,2023,Phishing,Retail,28.54,699386,Nation-state,Weak Passwords,Encryption,20,40.807222335019574,2020-2024
Russia,2020,Man-In-The-Middle,Retail,74.11,158758,Nation-state,Zero-day,Antivirus,72,466.81112132931884,2020-2024
China,2021,Man-In-The-Middle,Banking,85.26,812101,Insider,Social Engineering,VPN,52,104.9869412794714,2020-2024
Uk,2020,Phishing,Telecommunications,43.72,402744,Insider,Zero-day,AI-based Detection,65,108.55531056949327,2020-2024
Japan,2015,Malware,Healthcare,77.01,182338,Unknown,Social Engineering,Firewall,72,422.3475084732749,2015-2019
Germany,2017,Man-In-The-Middle,Banking,88.03,587213,Unknown,Weak Passwords,AI-based Detection,32,149.91153125015964,2015-2019
France,2024,Ddos,Government,86.65,419571,Nation-state,Zero-day,AI-based Detection,72,206.5204697178785,2020-2024
Germany,2017,Sql Injection,IT,33.79,772541,Nation-state,Unpatched Software,Antivirus,46,43.73877891270496,2015-2019
Germany,2020,Sql Injection,Retail,76.04,759384,Nation-state,Unpatched Software,AI-based Detection,22,100.13379265299243,2020-2024
China,2015,Ransomware,Government,57.59,887037,Insider,Unpatched Software,VPN,39,64.92401106154534,2015-2019
China,2016,Ransomware,IT,37.22,788555,Insider,Unpatched Software,Encryption,43,47.200258701041776,2015-2019
India,2020,Man-In-The-Middle,Telecommunications,57.89,438137,Unknown,Unpatched Software,VPN,18,132.12762218210287,2020-2024
Australia,2024,Ransomware,Government,3.37,414907,Hacker Group,Zero-day,Firewall,42,8.122302106255137,2020-2024
Australia,2021,Ransomware,Telecommunications,88.2,576302,Hacker Group,Zero-day,AI-based Detection,2,153.0447577832456,2020-2024
Usa,2020,Ddos,IT,96.08,156275,Insider,Social Engineering,Encryption,24,614.8136298192289,2020-2024
Japan,2024,Ddos,Government,84.36,234154,Nation-state,Unpatched Software,VPN,42,360.27571598178974,2020-2024
Brazil,2022,Phishing,IT,92.58,176386,Hacker Group,Unpatched Software,VPN,63,524.8715884480628,2020-2024
Japan,2015,Malware,Healthcare,27.92,775042,Unknown,Zero-day,Encryption,12,36.023854191127704,2015-2019
Germany,2016,Phishing,Telecommunications,46.28,992092,Hacker Group,Unpatched Software,Encryption,3,46.64889949722405,2015-2019
France,2016,Ransomware,Education,25.55,883536,Hacker Group,Unpatched Software,AI-based Detection,66,28.91789355498814,2015-2019
France,2017,Phishing,Banking,15.14,276541,Hacker Group,Social Engineering,AI-based Detection,16,54.747758921823525,2015-2019
India,2024,Phishing,Telecommunications,50.64,513620,Unknown,Unpatched Software,Antivirus,65,98.5942914995522,2020-2024
Germany,2022,Phishing,Banking,31.73,397919,Nation-state,Social Engineering,Encryption,22,79.73984655168515,2020-2024
Russia,2021,Phishing,Telecommunications,73.93,32743,Hacker Group,Zero-day,VPN,18,2257.887181993098,2020-2024
Germany,2020,Phishing,Government,40.62,318648,Insider,Zero-day,Encryption,1,127.47608646531596,2020-2024
Usa,2022,Ransomware,Education,14.5,353297,Insider,Weak Passwords,VPN,58,41.04195620115654,2020-2024
Russia,2017,Malware,IT,20.85,484009,Insider,Weak Passwords,Firewall,41,43.07771136487131,2015-2019
Russia,2024,Malware,Government,49.51,872411,Hacker Group,Zero-day,Firewall,5,56.75077457757869,2020-2024
Germany,2023,Man-In-The-Middle,Education,26.14,876348,Unknown,Social Engineering,Encryption,1,29.828333036647543,2020-2024
China,2021,Sql Injection,Government,13.76,11310,Hacker Group,Weak Passwords,Antivirus,71,1216.6224580017683,2020-2024
Uk,2018,Sql Injection,Retail,72.21,597358,Nation-state,Zero-day,VPN,30,120.88228499492766,2015-2019
India,2022,Sql Injection,Healthcare,91.91,180456,Unknown,Unpatched Software,VPN,8,509.3208316708782,2020-2024
Russia,2021,Ddos,Retail,79.06,368255,Nation-state,Social Engineering,Encryption,17,214.68819160635974,2020-2024
India,2022,Malware,Education,7.17,268414,Insider,Unpatched Software,Encryption,9,26.712466562846945,2020-2024
China,2019,Sql Injection,Healthcare,79.28,891504,Insider,Zero-day,Firewall,63,88.92837272743589,2015-2019
Japan,2023,Phishing,Healthcare,48.25,3395,Nation-state,Weak Passwords,Antivirus,58,14212.076583210604,2020-2024
China,2023,Ransomware,Education,45.88,164890,Unknown,Weak Passwords,AI-based Detection,20,278.2461034629147,2020-2024
India,2020,Sql Injection,Banking,89.8,895388,Insider,Social Engineering,AI-based Detection,54,100.29171711034769,2020-2024
India,2020,Sql Injection,Telecommunications,17.47,436517,Nation-state,Weak Passwords,Antivirus,61,40.021350829406416,2020-2024
India,2018,Phishing,IT,70.85,677164,Nation-state,Weak Passwords,Firewall,7,104.62753483646502,2015-2019
Russia,2024,Man-In-The-Middle,Banking,93.13,414192,Nation-state,Weak Passwords,Firewall,34,224.8474137598022,2020-2024
Russia,2021,Man-In-The-Middle,Retail,39.73,80069,Insider,Unpatched Software,VPN,8,496.1970300615719,2020-2024
Uk,2016,Phishing,IT,1.28,604185,Unknown,Zero-day,Firewall,57,2.118556402426409,2015-2019
Brazil,2021,Sql Injection,IT,83.99,807733,Unknown,Weak Passwords,Encryption,18,103.98238031626788,2020-2024
France,2019,Sql Injection,Telecommunications,16.51,945154,Nation-state,Social Engineering,AI-based Detection,63,17.468052825253874,2015-2019
Germany,2023,Malware,Retail,62.43,918454,Unknown,Unpatched Software,Firewall,15,67.97291971073129,2020-2024
Australia,2017,Phishing,Retail,56.1,450205,Unknown,Zero-day,Firewall,32,124.6098999344743,2015-2019
Japan,2016,Malware,Telecommunications,87.52,476001,Hacker Group,Social Engineering,VPN,58,183.86515994714296,2015-2019
Russia,2018,Phishing,IT,65.88,503520,Hacker Group,Zero-day,Encryption,48,130.83889418493803,2015-2019
Usa,2024,Sql Injection,Retail,86.29,457411,Nation-state,Zero-day,VPN,34,188.64872073474402,2020-2024
China,2018,Malware,Education,62.82,580609,Unknown,Weak Passwords,AI-based Detection,29,108.19673825242117,2015-2019
Uk,2022,Phishing,Banking,18.45,848022,Hacker Group,Social Engineering,Antivirus,10,21.756511033911856,2020-2024
Brazil,2022,Phishing,Education,75.42,761590,Unknown,Unpatched Software,AI-based Detection,45,99.02966162896047,2020-2024
Brazil,2022,Ddos,Education,17.68,366968,Nation-state,Social Engineering,VPN,47,48.178587778770904,2020-2024
Brazil,2021,Man-In-The-Middle,Education,27.95,625370,Insider,Social Engineering,Firewall,24,44.6935414234773,2020-2024
Uk,2018,Ransomware,Healthcare,60.01,193378,Unknown,Unpatched Software,Encryption,32,310.3248559815491,2015-2019
Brazil,2024,Ddos,Healthcare,92.34,375691,Insider,Zero-day,Encryption,21,245.78709631053178,2020-2024
Australia,2017,Sql Injection,Banking,7.21,526324,Insider,Unpatched Software,VPN,39,13.698786298933737,2015-2019
France,2020,Malware,Healthcare,76.42,50468,Hacker Group,Social Engineering,AI-based Detection,64,1514.226836807482,2020-2024
India,2020,Phishing,IT,3.2,922656,Insider,Zero-day,AI-based Detection,17,3.468248187840322,2020-2024
India,2018,Ransomware,Retail,62.59,498457,Insider,Weak Passwords,VPN,12,125.5675013090397,2015-2019
Brazil,2023,Sql Injection,Education,89.04,351850,Hacker Group,Social Engineering,Encryption,21,253.06238453886598,2020-2024
Usa,2015,Ddos,Retail,76.95,391982,Unknown,Social Engineering,Firewall,46,196.31003464444797,2015-2019
Australia,2021,Malware,Telecommunications,51.66,247243,Nation-state,Zero-day,Antivirus,69,208.94423704614488,2020-2024
Japan,2020,Phishing,Banking,39.33,257190,Insider,Unpatched Software,Encryption,14,152.9219643065438,2020-2024
Australia,2015,Sql Injection,Retail,89.77,804658,Nation-state,Unpatched Software,AI-based Detection,23,111.56292486994475,2015-2019
Russia,2024,Man-In-The-Middle,Education,75.95,758032,Insider,Social Engineering,Antivirus,30,100.19365937058066,2020-2024
France,2017,Ddos,Telecommunications,13.31,381948,Unknown,Weak Passwords,AI-based Detection,46,34.84767559981987,2015-2019
Australia,2018,Ddos,Retail,40.0,152435,Unknown,Weak Passwords,Firewall,26,262.40692754288716,2015-2019
Brazil,2020,Ransomware,Banking,99.9,429566,Nation-state,Zero-day,AI-based Detection,54,232.56030505207582,2020-2024
Germany,2022,Ransomware,Healthcare,61.99,496292,Nation-state,Zero-day,AI-based Detection,21,124.90630515905958,2020-2024
Germany,2023,Man-In-The-Middle,Healthcare,75.8,943724,Insider,Unpatched Software,AI-based Detection,58,80.32009358668424,2020-2024
Japan,2022,Man-In-The-Middle,Government,39.87,243600,Unknown,Weak Passwords,AI-based Detection,40,163.66995073891624,2020-2024
Usa,2017,Phishing,IT,48.96,480386,Nation-state,Zero-day,Antivirus,18,101.9180409087692,2015-2019
India,2020,Ransomware,Healthcare,70.67,564046,Insider,Social Engineering,Firewall,39,125.29119965392894,2020-2024
Japan,2022,Malware,Retail,26.7,50007,Nation-state,Weak Passwords,Antivirus,19,533.925250464935,2020-2024
Australia,2023,Malware,Retail,99.72,307143,Hacker Group,Social Engineering,VPN,1,324.6696164327365,2020-2024
Russia,2023,Ddos,IT,22.71,356964,Insider,Unpatched Software,Firewall,27,63.61986082630181,2020-2024
Usa,2024,Sql Injection,Retail,94.83,891369,Hacker Group,Social Engineering,Antivirus,71,106.38691720263998,2020-2024
Japan,2020,Ddos,Retail,37.81,482700,Insider,Unpatched Software,VPN,55,78.33022581313445,2020-2024
China,2018,Phishing,Healthcare,42.93,596628,Hacker Group,Unpatched Software,Antivirus,60,71.95438363603452,2015-2019
Russia,2022,Ransomware,Telecommunications,89.33,776295,Unknown,Zero-day,VPN,40,115.07223413779556,2020-2024
Usa,2016,Phishing,Banking,38.58,447486,Insider,Weak Passwords,Encryption,7,86.21498773145976,2015-2019
Usa,2022,Man-In-The-Middle,Retail,75.51,298887,Nation-state,Zero-day,VPN,44,252.63728432484518,2020-2024
India,2015,Ransomware,Government,56.3,59582,Nation-state,Unpatched Software,VPN,56,944.9162498741231,2015-2019
Brazil,2024,Ransomware,Healthcare,6.67,553944,Hacker Group,Social Engineering,Encryption,64,12.040928324884826,2020-2024
Russia,2024,Ransomware,Banking,80.29,507258,Nation-state,Social Engineering,Antivirus,30,158.28237307247988,2020-2024
Russia,2024,Ddos,Government,94.6,82500,Hacker Group,Zero-day,AI-based Detection,28,1146.6666666666667,2020-2024
Germany,2021,Sql Injection,Retail,27.54,383781,Nation-state,Zero-day,Antivirus,57,71.75967543989931,2020-2024
Australia,2020,Ransomware,Banking,97.48,647303,Insider,Zero-day,Antivirus,37,150.5940803611292,2020-2024
Usa,2016,Phishing,IT,68.23,877998,Nation-state,Weak Passwords,Antivirus,23,77.71088316829879,2015-2019
India,2015,Sql Injection,Government,56.84,631420,Nation-state,Unpatched Software,Firewall,68,90.01932152925153,2015-2019
France,2023,Ransomware,Telecommunications,84.79,263566,Hacker Group,Zero-day,AI-based Detection,64,321.70310282813415,2020-2024
Uk,2021,Ransomware,Banking,4.22,65148,Nation-state,Weak Passwords,VPN,15,64.77558789218395,2020-2024
Russia,2020,Ransomware,Telecommunications,58.73,345623,Unknown,Weak Passwords,AI-based Detection,67,169.92503392424695,2020-2024
China,2015,Ransomware,IT,60.43,962452,Nation-state,Unpatched Software,Encryption,34,62.787546807529104,2015-2019
Germany,2024,Phishing,IT,2.85,951767,Nation-state,Weak Passwords,AI-based Detection,10,2.994430359531272,2020-2024
Uk,2016,Sql Injection,Education,43.55,712306,Hacker Group,Social Engineering,Firewall,29,61.13945411101409,2015-2019
Uk,2016,Ransomware,Telecommunications,11.83,365116,Hacker Group,Social Engineering,Encryption,66,32.400661707512135,2015-2019
Usa,2021,Man-In-The-Middle,Banking,64.96,485702,Unknown,Unpatched Software,Firewall,51,133.74455942120886,2020-2024
Usa,2023,Sql Injection,IT,19.37,49480,Hacker Group,Social Engineering,Encryption,17,391.47130153597413,2020-2024
Australia,2019,Phishing,Education,46.64,971148,Insider,Unpatched Software,Firewall,44,48.02563563946999,2015-2019
Usa,2018,Ddos,Banking,31.54,513005,Unknown,Social Engineering,VPN,62,61.480882252609625,2015-2019
Germany,2019,Malware,Retail,6.47,360381,Unknown,Zero-day,VPN,62,17.953221729225458,2015-2019
Brazil,2021,Ddos,Banking,96.23,649383,Unknown,Weak Passwords,Encryption,59,148.18681733276048,2020-2024
Germany,2022,Sql Injection,Banking,89.74,155736,Nation-state,Social Engineering,Encryption,63,576.2315713772025,2020-2024
Usa,2023,Malware,Healthcare,54.29,443715,Unknown,Social Engineering,Antivirus,54,122.35331237393372,2020-2024
Australia,2022,Ddos,Telecommunications,4.81,683733,Nation-state,Zero-day,VPN,65,7.034909825911576,2020-2024
Brazil,2019,Ddos,Healthcare,42.16,400214,Unknown,Zero-day,Firewall,58,105.34364115198369,2015-2019
Brazil,2024,Ransomware,IT,74.06,813472,Hacker Group,Zero-day,VPN,17,91.04185515912042,2020-2024
France,2021,Ransomware,Banking,27.1,199832,Nation-state,Weak Passwords,Antivirus,54,135.61391568917892,2020-2024
India,2017,Malware,IT,22.04,210495,Insider,Weak Passwords,Firewall,18,104.70557495427445,2015-2019
China,2023,Man-In-The-Middle,Education,49.53,923445,Hacker Group,Unpatched Software,VPN,42,53.63611260010071,2020-2024
Japan,2019,Man-In-The-Middle,Education,1.72,407485,Insider,Unpatched Software,AI-based Detection,22,4.221014270463943,2015-2019
Russia,2020,Man-In-The-Middle,Government,97.39,517452,Unknown,Zero-day,Firewall,9,188.21069393876147,2020-2024
Germany,2017,Ransomware,Retail,68.73,509742,Nation-state,Zero-day,Antivirus,43,134.8329154748873,2015-2019
Usa,2019,Malware,Healthcare,57.85,412236,Nation-state,Weak Passwords,Antivirus,36,140.3322368740236,2015-2019
Germany,2017,Malware,Healthcare,6.58,592988,Hacker Group,Unpatched Software,VPN,43,11.096345963156084,2015-2019
Usa,2019,Ransomware,Banking,47.25,451510,Hacker Group,Zero-day,VPN,45,104.648844986822,2015-2019
India,2021,Ransomware,Education,20.26,144065,Insider,Unpatched Software,Firewall,62,140.63096518932426,2020-2024
India,2024,Ddos,Telecommunications,85.02,700440,Hacker Group,Weak Passwords,VPN,23,121.38084632516704,2020-2024
France,2024,Phishing,IT,64.54,255689,Unknown,Zero-day,Antivirus,54,252.4160210255428,2020-2024
Japan,2017,Malware,Retail,74.01,750473,Unknown,Zero-day,Antivirus,41,98.61780503762294,2015-2019
Uk,2015,Malware,Government,68.8,284512,Nation-state,Social Engineering,Antivirus,23,241.81756832752222,2015-2019
Japan,2021,Malware,Education,76.8,607544,Nation-state,Weak Passwords,Encryption,56,126.41059742175052,2020-2024
Uk,2016,Ransomware,Banking,92.39,61764,Hacker Group,Social Engineering,Encryption,38,1495.8551907259894,2015-2019
Usa,2023,Ddos,Telecommunications,11.73,489053,Nation-state,Zero-day,Antivirus,29,23.98513044598438,2020-2024
China,2020,Sql Injection,Telecommunications,29.31,8884,Nation-state,Weak Passwords,Firewall,23,3299.18955425484,2020-2024
Germany,2017,Ransomware,Retail,91.67,80135,Hacker Group,Social Engineering,AI-based Detection,35,1143.9445934984712,2015-2019
Usa,2022,Phishing,Retail,47.66,20064,Insider,Social Engineering,Encryption,61,2375.3987240829347,2020-2024
India,2022,Sql Injection,Telecommunications,95.74,849940,Insider,Weak Passwords,AI-based Detection,61,112.64324540555803,2020-2024
Japan,2021,Ransomware,Government,79.25,437649,Hacker Group,Weak Passwords,Firewall,10,181.0811860646317,2020-2024
Australia,2020,Sql Injection,Telecommunications,43.69,269137,Unknown,Unpatched Software,AI-based Detection,18,162.33368135930772,2020-2024
Uk,2018,Malware,Telecommunications,23.27,233460,Insider,Unpatched Software,Antivirus,11,99.67446243467832,2015-2019
Uk,2015,Sql Injection,Banking,6.96,474585,Nation-state,Unpatched Software,Firewall,34,14.665444546287809,2015-2019
Russia,2024,Sql Injection,Government,41.65,674211,Hacker Group,Weak Passwords,Firewall,54,61.775912881872294,2020-2024
Brazil,2020,Phishing,Healthcare,18.79,267178,Nation-state,Social Engineering,Firewall,56,70.32764673738107,2020-2024
Russia,2022,Ddos,Healthcare,58.93,104121,Hacker Group,Zero-day,Firewall,15,565.9761239327321,2020-2024
Uk,2020,Ransomware,IT,83.29,217598,Hacker Group,Unpatched Software,Encryption,24,382.77006222483664,2020-2024
China,2024,Ransomware,Government,65.96,44082,Nation-state,Social Engineering,VPN,48,1496.302345628601,2020-2024
India,2018,Phishing,Banking,71.58,31733,Hacker Group,Unpatched Software,Encryption,49,2255.6959631928908,2015-2019
Australia,2022,Man-In-The-Middle,Banking,34.16,346224,Nation-state,Zero-day,Encryption,64,98.66444844955866,2020-2024
Australia,2015,Ddos,IT,61.01,419127,Unknown,Social Engineering,Firewall,26,145.5644709121579,2015-2019
Usa,2024,Man-In-The-Middle,Education,53.59,810539,Unknown,Weak Passwords,Antivirus,22,66.11649778727488,2020-2024
Usa,2020,Ddos,Retail,11.79,692784,Hacker Group,Unpatched Software,Firewall,2,17.01829141550613,2020-2024
Usa,2020,Sql Injection,Retail,16.98,315050,Unknown,Unpatched Software,Encryption,8,53.89620695127758,2020-2024
India,2016,Sql Injection,IT,29.24,786464,Unknown,Weak Passwords,Encryption,38,37.17906986206616,2015-2019
Uk,2023,Man-In-The-Middle,IT,20.35,140061,Hacker Group,Weak Passwords,AI-based Detection,42,145.2938362570594,2020-2024
Brazil,2021,Sql Injection,IT,34.32,673923,Hacker Group,Unpatched Software,Encryption,3,50.92569922676626,2020-2024
Japan,2017,Sql Injection,Government,35.88,221051,Insider,Zero-day,Encryption,18,162.315483757142,2015-2019
Russia,2017,Sql Injection,Banking,33.84,442940,Nation-state,Unpatched Software,AI-based Detection,7,76.39860929245496,2015-2019
Russia,2024,Sql Injection,Telecommunications,17.21,677688,Nation-state,Zero-day,Encryption,31,25.395167097543414,2020-2024
Russia,2017,Ransomware,Education,95.08,679860,Unknown,Social Engineering,Encryption,66,139.85232253699292,2015-2019
Germany,2016,Phishing,Retail,27.85,963983,Unknown,Zero-day,Encryption,45,28.890550974446644,2015-2019
Uk,2020,Ddos,Retail,18.52,125100,Unknown,Weak Passwords,VPN,61,148.0415667466027,2020-2024
China,2016,Ddos,Education,81.31,815317,Hacker Group,Social Engineering,Antivirus,72,99.72808122484874,2015-2019
China,2020,Man-In-The-Middle,Retail,34.82,500252,Nation-state,Zero-day,Antivirus,29,69.60491912076314,2020-2024
India,2018,Ddos,Education,55.3,512953,Unknown,Weak Passwords,Firewall,57,107.80714802330817,2015-2019
India,2023,Phishing,IT,88.71,337377,Hacker Group,Social Engineering,AI-based Detection,23,262.94027156563726,2020-2024
India,2024,Ddos,Retail,0.6,766733,Insider,Zero-day,AI-based Detection,55,0.7825409888448782,2020-2024
Usa,2023,Malware,Retail,50.02,578310,Nation-state,Weak Passwords,Antivirus,15,86.49340319205962,2020-2024
France,2022,Man-In-The-Middle,Telecommunications,12.96,255574,Insider,Social Engineering,Firewall,69,50.70938358361962,2020-2024
China,2023,Phishing,IT,43.58,169152,Nation-state,Unpatched Software,Encryption,49,257.6381006432085,2020-2024
Usa,2020,Man-In-The-Middle,IT,33.22,216472,Unknown,Zero-day,Encryption,55,153.46095568941942,2020-2024
Japan,2020,Phishing,Retail,38.96,370096,Nation-state,Weak Passwords,Encryption,23,105.26998400415027,2020-2024
India,2020,Phishing,Telecommunications,30.14,742555,Insider,Zero-day,Firewall,57,40.589585956595805,2020-2024
Russia,2020,Man-In-The-Middle,IT,21.72,870019,Insider,Social Engineering,AI-based Detection,5,24.964972029346484,2020-2024
Australia,2022,Malware,IT,93.2,941679,Hacker Group,Social Engineering,Antivirus,43,98.97215505496034,2020-2024
France,2024,Ddos,Retail,88.17,738419,Unknown,Zero-day,Firewall,11,119.4037531536973,2020-2024
Brazil,2018,Phishing,Retail,42.46,4136,Nation-state,Zero-day,Encryption,23,10265.95744680851,2015-2019
India,2022,Sql Injection,Education,61.41,995847,Nation-state,Social Engineering,Encryption,1,61.666099310436245,2020-2024
Japan,2022,Ransomware,Education,51.51,536995,Hacker Group,Weak Passwords,Encryption,3,95.92268084432816,2020-2024
Germany,2016,Malware,Telecommunications,77.7,57200,Hacker Group,Social Engineering,VPN,26,1358.3916083916083,2015-2019
Usa,2016,Phishing,Government,14.65,936566,Nation-state,Social Engineering,VPN,61,15.642250519450846,2015-2019
Japan,2019,Ddos,Healthcare,68.4,567370,Insider,Unpatched Software,VPN,9,120.55625077110174,2015-2019
India,2015,Malware,Banking,34.51,970056,Hacker Group,Unpatched Software,Firewall,30,35.57526575785315,2015-2019
Brazil,2020,Ransomware,IT,71.74,3432,Hacker Group,Unpatched Software,AI-based Detection,45,20903.263403263405,2020-2024
Brazil,2015,Malware,Education,37.54,49473,Insider,Social Engineering,Firewall,51,758.7977280536859,2015-2019
France,2019,Man-In-The-Middle,IT,76.35,460984,Hacker Group,Zero-day,Firewall,55,165.62396959547402,2015-2019
Uk,2024,Phishing,IT,71.2,228010,Nation-state,Social Engineering,Antivirus,59,312.2670058330775,2020-2024
Russia,2024,Ransomware,Government,48.88,172789,Hacker Group,Unpatched Software,VPN,10,282.88837831111937,2020-2024
China,2020,Man-In-The-Middle,Retail,48.24,338732,Nation-state,Unpatched Software,Firewall,15,142.41347141693137,2020-2024
Germany,2017,Ransomware,Healthcare,32.0,175755,Insider,Weak Passwords,Firewall,30,182.0716338084265,2015-2019
Brazil,2023,Ddos,Education,50.34,897521,Nation-state,Social Engineering,AI-based Detection,19,56.08782412890618,2020-2024
Russia,2016,Ransomware,Healthcare,5.18,719532,Insider,Unpatched Software,VPN,10,7.1991238749631705,2015-2019
Australia,2024,Ddos,Government,95.28,583925,Insider,Zero-day,Encryption,70,163.17164019351802,2020-2024
Russia,2016,Phishing,Retail,70.4,480522,Unknown,Zero-day,Antivirus,72,146.5073399344879,2015-2019
Brazil,2015,Sql Injection,IT,47.2,16957,Unknown,Zero-day,Firewall,49,2783.51123429852,2015-2019
France,2016,Ransomware,IT,29.35,316228,Unknown,Unpatched Software,VPN,7,92.81278065193467,2015-2019
Australia,2018,Sql Injection,Banking,20.28,363414,Insider,Unpatched Software,Antivirus,59,55.80412422196173,2015-2019
Uk,2015,Man-In-The-Middle,Telecommunications,71.9,733671,Insider,Zero-day,VPN,20,98.00032984811993,2015-2019
France,2019,Sql Injection,Telecommunications,27.91,399457,Nation-state,Weak Passwords,Firewall,48,69.86984831909317,2015-2019
China,2017,Ddos,Government,57.34,171772,Nation-state,Social Engineering,Firewall,8,333.8145914351582,2015-2019
Usa,2015,Phishing,Government,82.4,197305,Insider,Unpatched Software,AI-based Detection,34,417.6275309799549,2015-2019
Russia,2023,Ransomware,Healthcare,15.08,677971,Insider,Social Engineering,VPN,51,22.24283929548609,2020-2024
India,2021,Man-In-The-Middle,Banking,55.12,942454,Hacker Group,Social Engineering,VPN,66,58.4856130909307,2020-2024
Russia,2022,Ransomware,Government,38.84,211205,Insider,Unpatched Software,Antivirus,54,183.89716152553206,2020-2024
Japan,2024,Malware,Telecommunications,42.79,483399,Insider,Zero-day,Antivirus,50,88.5190081071744,2020-2024
China,2016,Ddos,Telecommunications,97.83,699791,Nation-state,Weak Passwords,Encryption,2,139.79888280929592,2015-2019
Germany,2019,Phishing,Education,10.04,679314,Nation-state,Unpatched Software,Antivirus,39,14.779615906635224,2015-2019
Brazil,2020,Sql Injection,Retail,96.97,466897,Insider,Unpatched Software,VPN,58,207.69034712152788,2020-2024
Brazil,2024,Sql Injection,Healthcare,41.05,175957,Hacker Group,Zero-day,Antivirus,69,233.29563472893946,2020-2024
India,2019,Ransomware,Government,10.37,912202,Nation-state,Weak Passwords,VPN,15,11.368096101521374,2015-2019
Russia,2019,Ddos,Education,33.73,985398,Nation-state,Social Engineering,Antivirus,54,34.22982388841869,2015-2019
China,2023,Sql Injection,Education,4.18,715127,Nation-state,Weak Passwords,Antivirus,60,5.845115622819443,2020-2024
Usa,2021,Malware,Retail,72.24,472835,Hacker Group,Unpatched Software,Encryption,57,152.78056827434517,2020-2024
Australia,2016,Ddos,Healthcare,98.25,412019,Unknown,Weak Passwords,Antivirus,34,238.4598768503394,2015-2019
India,2021,Sql Injection,Retail,85.69,172469,Insider,Weak Passwords,Antivirus,16,496.84291089992985,2020-2024
Uk,2015,Phishing,Banking,39.12,893284,Unknown,Unpatched Software,AI-based Detection,21,43.79346322110325,2015-2019
India,2021,Malware,Telecommunications,82.66,586,Hacker Group,Zero-day,VPN,23,141058.0204778157,2020-2024
Japan,2017,Phishing,IT,49.12,845169,Nation-state,Social Engineering,VPN,1,58.118553804032096,2015-2019
Germany,2018,Ransomware,Government,89.36,184748,Unknown,Unpatched Software,Firewall,4,483.6858856388161,2015-2019
Japan,2021,Malware,Healthcare,77.84,783976,Nation-state,Weak Passwords,Firewall,62,99.2887537373593,2020-2024
France,2015,Phishing,IT,49.84,282583,Unknown,Weak Passwords,VPN,15,176.3729594490822,2015-2019
Germany,2020,Sql Injection,Healthcare,96.31,591828,Unknown,Unpatched Software,Encryption,16,162.73309137114163,2020-2024
India,2018,Sql Injection,Government,18.44,27344,Nation-state,Zero-day,VPN,1,674.3709771796372,2015-2019
Australia,2024,Ransomware,Healthcare,18.16,200307,Unknown,Social Engineering,Antivirus,59,90.66083561732741,2020-2024
China,2018,Man-In-The-Middle,IT,68.28,528411,Insider,Zero-day,AI-based Detection,10,129.21759766545358,2015-2019
France,2015,Phishing,Banking,95.72,551812,Insider,Weak Passwords,Encryption,69,173.46487571854183,2015-2019
Brazil,2019,Sql Injection,Education,96.6,975019,Unknown,Unpatched Software,Firewall,38,99.07499238476379,2015-2019
China,2015,Ddos,Government,97.15,399851,Nation-state,Social Engineering,VPN,38,242.9655046504823,2015-2019
India,2024,Ransomware,Government,79.3,998833,Hacker Group,Social Engineering,Firewall,21,79.39265122397838,2020-2024
France,2017,Man-In-The-Middle,Education,76.35,517640,Hacker Group,Unpatched Software,Firewall,4,147.49632949540222,2015-2019
Russia,2023,Ddos,Banking,33.51,615332,Hacker Group,Social Engineering,AI-based Detection,65,54.45840619372956,2020-2024
France,2017,Sql Injection,Healthcare,96.08,592364,Insider,Weak Passwords,Antivirus,21,162.1975677117448,2015-2019
China,2020,Phishing,Education,33.69,943680,Insider,Zero-day,AI-based Detection,46,35.70066124109868,2020-2024
Brazil,2017,Man-In-The-Middle,Retail,17.99,506551,Unknown,Unpatched Software,Antivirus,53,35.51468657647502,2015-2019
Japan,2022,Ransomware,Government,86.84,122651,Insider,Weak Passwords,AI-based Detection,59,708.0252097414616,2020-2024
Usa,2018,Man-In-The-Middle,Retail,97.62,459039,Nation-state,Weak Passwords,Firewall,68,212.6616692699313,2015-2019
Germany,2021,Ransomware,IT,25.85,176331,Insider,Weak Passwords,Antivirus,25,146.5992933743925,2020-2024
Usa,2018,Ransomware,Healthcare,27.37,543437,Unknown,Unpatched Software,Firewall,20,50.364623682229954,2015-2019
Germany,2022,Sql Injection,Telecommunications,29.02,859311,Insider,Zero-day,AI-based Detection,47,33.77124230924543,2020-2024
Usa,2018,Ddos,Retail,90.78,877041,Unknown,Unpatched Software,VPN,48,103.5071336459755,2015-2019
France,2022,Ransomware,Healthcare,42.33,657939,Nation-state,Social Engineering,Antivirus,47,64.33727138838098,2020-2024
Japan,2019,Ddos,Banking,81.89,920270,Nation-state,Unpatched Software,Antivirus,20,88.98475447423039,2015-2019
Usa,2015,Ransomware,Healthcare,43.81,905935,Unknown,Unpatched Software,VPN,60,48.35887784443696,2015-2019
Australia,2019,Malware,Telecommunications,93.71,217863,Insider,Unpatched Software,VPN,31,430.13269807172395,2015-2019
Uk,2020,Man-In-The-Middle,Government,54.29,930468,Insider,Social Engineering,AI-based Detection,35,58.34698237875993,2020-2024
Japan,2022,Phishing,Healthcare,55.72,179545,Unknown,Zero-day,Encryption,15,310.34002617728146,2020-2024
India,2023,Ransomware,Retail,5.57,582097,Insider,Weak Passwords,Antivirus,40,9.568851926740733,2020-2024
France,2023,Sql Injection,Banking,48.1,360752,Unknown,Zero-day,Antivirus,21,133.33259413669225,2020-2024
India,2020,Phishing,Retail,25.79,907128,Insider,Unpatched Software,Antivirus,13,28.430386891375857,2020-2024
Uk,2024,Man-In-The-Middle,Banking,14.84,817793,Hacker Group,Social Engineering,VPN,64,18.146401350953113,2020-2024
China,2024,Malware,Healthcare,85.76,922209,Nation-state,Zero-day,Antivirus,27,92.99410437330367,2020-2024
Usa,2019,Ddos,Retail,18.76,411707,Insider,Social Engineering,VPN,42,45.566385803496175,2015-2019
India,2020,Phishing,Healthcare,38.19,847958,Insider,Weak Passwords,Firewall,32,45.03760799473559,2020-2024
India,2015,Man-In-The-Middle,Banking,38.1,187807,Nation-state,Unpatched Software,VPN,37,202.86783772702827,2015-2019
China,2024,Sql Injection,Telecommunications,10.18,637350,Unknown,Weak Passwords,Antivirus,52,15.972385659370833,2020-2024
China,2024,Sql Injection,IT,36.27,237068,Hacker Group,Zero-day,Encryption,65,152.99407764860715,2020-2024
Australia,2022,Ransomware,Government,92.07,819812,Nation-state,Unpatched Software,Encryption,63,112.30623606387806,2020-2024
Brazil,2023,Sql Injection,Healthcare,72.9,434510,Hacker Group,Social Engineering,Firewall,72,167.77519504729466,2020-2024
Usa,2019,Ddos,Telecommunications,57.52,513601,Nation-state,Unpatched Software,VPN,14,111.99355141442481,2015-2019
Japan,2015,Malware,Healthcare,5.79,821803,Unknown,Social Engineering,Firewall,40,7.045484136709162,2015-2019
Russia,2020,Man-In-The-Middle,IT,14.68,12585,Unknown,Zero-day,Antivirus,30,1166.4680174811283,2020-2024
Russia,2020,Man-In-The-Middle,Telecommunications,10.12,405253,Hacker Group,Unpatched Software,Antivirus,52,24.97205449435291,2020-2024
Japan,2017,Ddos,IT,86.89,703035,Unknown,Unpatched Software,Firewall,15,123.5927087556096,2015-2019
Australia,2022,Phishing,Government,9.84,580402,Nation-state,Social Engineering,VPN,70,16.953766527337947,2020-2024
France,2017,Man-In-The-Middle,Education,49.94,640572,Hacker Group,Social Engineering,Firewall,51,77.96157184516339,2015-2019
Japan,2023,Phishing,Banking,75.13,85528,Hacker Group,Social Engineering,VPN,55,878.4257786923581,2020-2024
Uk,2024,Malware,Healthcare,33.21,79940,Unknown,Zero-day,Firewall,64,415.43657743307483,2020-2024
China,2023,Sql Injection,Telecommunications,54.41,215401,Hacker Group,Social Engineering,VPN,50,252.59864160333518,2020-2024
France,2018,Malware,IT,59.56,450313,Nation-state,Zero-day,AI-based Detection,26,132.26355890236346,2015-2019
Australia,2016,Malware,Retail,45.71,461668,Nation-state,Unpatched Software,Firewall,10,99.01054437387907,2015-2019
France,2021,Man-In-The-Middle,Banking,4.94,71156,Insider,Social Engineering,Encryption,34,69.42492551576817,2020-2024
India,2017,Ransomware,Government,89.47,201732,Unknown,Zero-day,Antivirus,39,443.50921023932744,2015-2019
Russia,2018,Man-In-The-Middle,Government,45.91,322132,Nation-state,Weak Passwords,Encryption,44,142.51921572523065,2015-2019
Japan,2021,Phishing,Banking,82.85,854309,Insider,Zero-day,Antivirus,16,96.97896194468278,2020-2024
Usa,2016,Phishing,Retail,89.85,998085,Insider,Zero-day,VPN,7,90.02239288236974,2015-2019
France,2018,Malware,IT,10.81,479628,Insider,Weak Passwords,VPN,13,22.538300516233413,2015-2019
Russia,2022,Malware,Healthcare,34.32,554162,Insider,Weak Passwords,Encryption,33,61.93134859481523,2020-2024
Usa,2022,Phishing,Government,92.54,653402,Hacker Group,Social Engineering,Firewall,5,141.62797175398913,2020-2024
Uk,2016,Man-In-The-Middle,Government,62.9,119785,Hacker Group,Unpatched Software,Encryption,14,525.1074842426013,2015-2019
Germany,2018,Ddos,Banking,48.76,754656,Hacker Group,Unpatched Software,VPN,35,64.61222066742992,2015-2019
Usa,2016,Malware,Retail,41.11,848855,Unknown,Unpatched Software,VPN,37,48.42994386556008,2015-2019
China,2021,Sql Injection,Healthcare,57.2,328454,Nation-state,Zero-day,VPN,10,174.1491959300237,2020-2024
Russia,2018,Ddos,Education,13.13,510702,Hacker Group,Weak Passwords,Firewall,15,25.709709380421458,2015-2019
Australia,2015,Man-In-The-Middle,Education,20.96,248083,Hacker Group,Social Engineering,Encryption,70,84.48785285569748,2015-2019
Brazil,2023,Ddos,Government,42.75,746425,Unknown,Zero-day,VPN,24,57.27300130622635,2020-2024
Japan,2018,Ransomware,Education,82.89,336607,Unknown,Zero-day,AI-based Detection,17,246.25156339588898,2015-2019
Brazil,2021,Ransomware,Government,21.21,570810,Insider,Social Engineering,Firewall,72,37.15772323540232,2020-2024
France,2020,Malware,Banking,12.25,162930,Insider,Unpatched Software,Firewall,13,75.18566255447125,2020-2024
Japan,2015,Sql Injection,Education,61.87,244406,Nation-state,Social Engineering,VPN,43,253.1443581581467,2015-2019
Japan,2016,Ddos,Education,71.12,604557,Nation-state,Social Engineering,Encryption,20,117.63985860721156,2015-2019
Germany,2024,Man-In-The-Middle,Education,26.58,313397,Hacker Group,Social Engineering,AI-based Detection,36,84.8125540448696,2020-2024
Australia,2023,Malware,Retail,5.24,696902,Nation-state,Unpatched Software,Encryption,21,7.518991192448866,2020-2024
Uk,2024,Phishing,Banking,30.39,156576,Hacker Group,Unpatched Software,VPN,72,194.091048436542,2020-2024
Uk,2020,Phishing,Healthcare,66.55,843310,Hacker Group,Zero-day,Antivirus,71,78.91522690351117,2020-2024
China,2016,Ddos,Telecommunications,83.02,281862,Insider,Social Engineering,AI-based Detection,4,294.54130035265484,2015-2019
India,2024,Ransomware,IT,88.23,526308,Insider,Unpatched Software,Antivirus,23,167.63948106431974,2020-2024
Russia,2018,Ddos,IT,5.18,826924,Insider,Social Engineering,VPN,35,6.264179053939661,2015-2019
China,2024,Ddos,IT,13.77,928751,Insider,Social Engineering,Encryption,26,14.826363578612566,2020-2024
China,2021,Ransomware,Education,21.9,304804,Hacker Group,Weak Passwords,AI-based Detection,53,71.849450794609,2020-2024
Brazil,2024,Man-In-The-Middle,Education,34.42,960625,Nation-state,Weak Passwords,Firewall,48,35.83083929733247,2020-2024
France,2019,Ransomware,Government,57.9,264088,Unknown,Weak Passwords,AI-based Detection,28,219.24510011814243,2015-2019
Australia,2022,Phishing,Healthcare,61.97,633750,Insider,Unpatched Software,Antivirus,45,97.78303747534517,2020-2024
China,2021,Ransomware,Healthcare,56.11,255531,Unknown,Social Engineering,Firewall,17,219.58196852828033,2020-2024
Australia,2018,Ransomware,Banking,50.64,874035,Insider,Unpatched Software,Antivirus,38,57.93818325353104,2015-2019
Usa,2017,Ddos,Healthcare,64.99,632431,Insider,Zero-day,VPN,55,102.762198563954,2015-2019
Brazil,2018,Ransomware,Education,69.04,939146,Nation-state,Zero-day,Firewall,56,73.51359639502272,2015-2019
India,2022,Man-In-The-Middle,Retail,13.82,633855,Hacker Group,Social Engineering,Antivirus,37,21.80309376750203,2020-2024
Australia,2016,Malware,Government,22.48,686176,Nation-state,Zero-day,Firewall,62,32.76127407545586,2015-2019
China,2022,Malware,Retail,11.31,561807,Unknown,Zero-day,Antivirus,17,20.131468636026252,2020-2024
India,2023,Sql Injection,Government,60.53,15768,Unknown,Zero-day,VPN,66,3838.7874175545408,2020-2024
Germany,2019,Malware,Healthcare,98.45,32423,Hacker Group,Weak Passwords,Antivirus,45,3036.424760201092,2015-2019
China,2021,Sql Injection,IT,97.06,329378,Nation-state,Weak Passwords,VPN,61,294.6766329263035,2020-2024
India,2020,Phishing,Healthcare,64.7,541451,Hacker Group,Weak Passwords,Encryption,17,119.49373073463711,2020-2024
China,2020,Man-In-The-Middle,Education,1.05,255393,Unknown,Unpatched Software,Encryption,71,4.111310803350131,2020-2024
Japan,2017,Phishing,Government,89.97,141115,Hacker Group,Zero-day,AI-based Detection,9,637.5651064734436,2015-2019
India,2015,Man-In-The-Middle,Telecommunications,48.58,358210,Nation-state,Zero-day,AI-based Detection,11,135.6187711119176,2015-2019
Japan,2023,Man-In-The-Middle,Education,16.42,60322,Insider,Zero-day,VPN,22,272.205828719207,2020-2024
China,2019,Ransomware,Government,15.42,555153,Unknown,Zero-day,Encryption,11,27.776126581320824,2015-2019
India,2018,Sql Injection,Healthcare,47.15,98266,Insider,Social Engineering,Firewall,18,479.82008019050335,2015-2019
Russia,2019,Man-In-The-Middle,IT,52.8,633511,Insider,Zero-day,VPN,58,83.34504057545962,2015-2019
Uk,2015,Man-In-The-Middle,Banking,64.88,976213,Unknown,Social Engineering,Firewall,28,66.46090556056926,2015-2019
Brazil,2016,Ddos,Telecommunications,94.1,838739,Unknown,Social Engineering,VPN,21,112.19223143313951,2015-2019
China,2023,Ransomware,IT,23.18,367503,Nation-state,Weak Passwords,Encryption,17,63.07431503960512,2020-2024
China,2018,Ransomware,Education,17.44,598614,Insider,Social Engineering,VPN,59,29.133966128423324,2015-2019
France,2022,Phishing,Retail,22.72,629571,Hacker Group,Unpatched Software,VPN,41,36.08806631817539,2020-2024
Japan,2021,Man-In-The-Middle,Education,69.99,834355,Nation-state,Unpatched Software,AI-based Detection,71,83.88515679776594,2020-2024
Usa,2020,Man-In-The-Middle,IT,87.88,731495,Nation-state,Unpatched Software,Antivirus,3,120.13752657229372,2020-2024
Uk,2020,Sql Injection,Retail,69.91,354637,Insider,Social Engineering,VPN,63,197.13115100793206,2020-2024
Usa,2020,Ransomware,Banking,27.45,60428,Nation-state,Weak Passwords,Antivirus,27,454.25961474813,2020-2024
China,2024,Ddos,Retail,13.17,95351,Nation-state,Unpatched Software,Antivirus,11,138.1212572495307,2020-2024
Brazil,2020,Phishing,Retail,50.99,826159,Insider,Weak Passwords,VPN,3,61.71935426473596,2020-2024
France,2020,Sql Injection,Healthcare,66.92,234301,Insider,Zero-day,AI-based Detection,32,285.61551167088487,2020-2024
Uk,2020,Phishing,Healthcare,39.47,551014,Nation-state,Social Engineering,Firewall,71,71.6315737894137,2020-2024
Brazil,2017,Sql Injection,Telecommunications,4.35,809757,Nation-state,Social Engineering,VPN,61,5.371981964959859,2015-2019
Uk,2017,Malware,Healthcare,24.06,612319,Unknown,Social Engineering,Antivirus,47,39.29324420767606,2015-2019
Uk,2015,Phishing,Telecommunications,21.8,312051,Nation-state,Unpatched Software,VPN,41,69.86037538735656,2015-2019
Usa,2018,Phishing,Banking,89.74,279786,Insider,Zero-day,VPN,46,320.7451409291387,2015-2019
Australia,2016,Phishing,Government,72.34,847817,Hacker Group,Social Engineering,Firewall,13,85.32501707325991,2015-2019
Australia,2016,Man-In-The-Middle,Education,37.48,382682,Nation-state,Zero-day,Firewall,12,97.94032643291297,2015-2019
Usa,2021,Phishing,IT,38.2,159917,Insider,Zero-day,Antivirus,47,238.873915843844,2020-2024
France,2023,Man-In-The-Middle,Government,85.85,841548,Unknown,Zero-day,Firewall,68,102.01438301796213,2020-2024
Japan,2017,Ddos,Healthcare,5.5,751586,Nation-state,Social Engineering,AI-based Detection,24,7.317858501888008,2015-2019
Germany,2024,Man-In-The-Middle,Banking,53.51,680154,Nation-state,Zero-day,Firewall,2,78.67335926863622,2020-2024
France,2023,Phishing,Education,37.38,978508,Insider,Weak Passwords,Firewall,42,38.201016241052706,2020-2024
Germany,2020,Man-In-The-Middle,IT,84.55,392247,Unknown,Zero-day,Antivirus,7,215.552955153258,2020-2024
Russia,2023,Sql Injection,Retail,34.87,446911,Unknown,Weak Passwords,Firewall,25,78.0244836220187,2020-2024
Australia,2023,Ransomware,IT,17.26,777799,Insider,Weak Passwords,Firewall,2,22.190823078970272,2020-2024
Australia,2016,Ransomware,Healthcare,82.99,799581,Nation-state,Zero-day,AI-based Detection,50,103.79186098719204,2015-2019
Germany,2015,Man-In-The-Middle,Retail,85.34,819676,Hacker Group,Zero-day,Antivirus,59,104.1143085804635,2015-2019
Japan,2023,Sql Injection,Telecommunications,31.46,192430,Nation-state,Unpatched Software,AI-based Detection,49,163.4880216182508,2020-2024
Uk,2016,Ddos,Telecommunications,74.5,735,Hacker Group,Unpatched Software,Firewall,69,101360.54421768707,2015-2019
Usa,2023,Ransomware,Healthcare,12.79,654947,Insider,Social Engineering,Encryption,23,19.52829770958566,2020-2024
Usa,2018,Ddos,Banking,10.01,327826,Hacker Group,Social Engineering,AI-based Detection,35,30.534490857955134,2015-2019
France,2016,Man-In-The-Middle,Healthcare,23.99,106126,Unknown,Weak Passwords,Antivirus,19,226.05205133520533,2015-2019
Russia,2022,Man-In-The-Middle,IT,34.57,46493,Insider,Unpatched Software,Encryption,62,743.5527928935538,2020-2024
Japan,2021,Man-In-The-Middle,Education,15.78,733307,Nation-state,Social Engineering,Firewall,29,21.518954544276816,2020-2024
France,2015,Malware,Government,71.91,789673,Unknown,Weak Passwords,Antivirus,31,91.06300962550321,2015-2019
China,2017,Ransomware,Education,64.93,159061,Insider,Weak Passwords,Firewall,12,408.20817170770965,2015-2019
China,2020,Phishing,Education,6.35,80748,Hacker Group,Zero-day,Encryption,8,78.63971863080201,2020-2024
Uk,2020,Man-In-The-Middle,IT,85.85,697536,Unknown,Social Engineering,AI-based Detection,72,123.07608496192312,2020-2024
Brazil,2019,Sql Injection,Healthcare,46.5,748146,Insider,Weak Passwords,AI-based Detection,13,62.153643807492124,2015-2019
Russia,2020,Man-In-The-Middle,Telecommunications,64.39,803579,Unknown,Weak Passwords,VPN,1,80.12902278431865,2020-2024
France,2021,Phishing,Retail,13.47,537683,Insider,Unpatched Software,VPN,41,25.05193580604185,2020-2024
France,2020,Ddos,Retail,40.72,743271,Nation-state,Social Engineering,Firewall,10,54.78486312529347,2020-2024
Australia,2018,Malware,Telecommunications,36.01,215231,Unknown,Zero-day,AI-based Detection,49,167.30861260692,2015-2019
Uk,2022,Phishing,Banking,57.89,135941,Nation-state,Social Engineering,AI-based Detection,7,425.84650694051095,2020-2024
Usa,2017,Phishing,IT,7.95,362478,Hacker Group,Zero-day,Encryption,67,21.932365550460993,2015-2019
Russia,2022,Ddos,Education,13.89,537149,Nation-state,Unpatched Software,VPN,54,25.858746828161273,2020-2024
China,2016,Sql Injection,Retail,96.28,162061,Insider,Zero-day,Firewall,32,594.0972843558907,2015-2019
China,2016,Ransomware,Banking,94.63,455702,Hacker Group,Weak Passwords,Antivirus,5,207.65763591118758,2015-2019
Uk,2021,Ransomware,Telecommunications,13.26,448367,Nation-state,Social Engineering,AI-based Detection,7,29.57398738087326,2020-2024
France,2019,Malware,Retail,21.92,603904,Nation-state,Unpatched Software,Firewall,38,36.29715981348029,2015-2019
France,2016,Malware,IT,81.81,331741,Hacker Group,Social Engineering,Antivirus,29,246.60804663879352,2015-2019
Japan,2023,Ransomware,Education,58.79,983506,Hacker Group,Social Engineering,AI-based Detection,35,59.77594442738529,2020-2024
China,2015,Phishing,Retail,14.72,914743,Insider,Social Engineering,AI-based Detection,69,16.09195150987764,2015-2019
Germany,2022,Malware,Banking,59.7,258587,Insider,Social Engineering,VPN,7,230.870074675061,2020-2024
Brazil,2020,Man-In-The-Middle,Retail,16.26,527964,Insider,Zero-day,Firewall,28,30.79755437870764,2020-2024
Brazil,2015,Phishing,Banking,29.61,593384,Unknown,Zero-day,Firewall,65,49.90023323850997,2015-2019
Uk,2023,Malware,IT,82.38,386972,Insider,Unpatched Software,AI-based Detection,56,212.8836194866812,2020-2024
China,2017,Ddos,Healthcare,96.49,644339,Insider,Unpatched Software,Antivirus,71,149.7503643268528,2015-2019
Brazil,2024,Ddos,Healthcare,76.39,782425,Insider,Weak Passwords,Encryption,13,97.63236092916254,2020-2024
Russia,2024,Sql Injection,Banking,79.98,84185,Nation-state,Weak Passwords,VPN,2,950.0504840529785,2020-2024
Uk,2022,Malware,Healthcare,91.65,337120,Insider,Weak Passwords,Firewall,59,271.8616516373991,2020-2024
Uk,2020,Phishing,Banking,3.84,241282,Hacker Group,Social Engineering,Encryption,55,15.914987442080221,2020-2024
China,2023,Ddos,Healthcare,97.15,734819,Unknown,Unpatched Software,AI-based Detection,50,132.20942844428356,2020-2024
Australia,2024,Ddos,Healthcare,77.04,8517,Hacker Group,Weak Passwords,Encryption,4,9045.438534695315,2020-2024
Uk,2018,Man-In-The-Middle,Government,91.52,865257,Nation-state,Social Engineering,VPN,19,105.7720422949482,2015-2019
Germany,2023,Sql Injection,Education,37.4,662428,Insider,Weak Passwords,AI-based Detection,4,56.45896610650516,2020-2024
China,2020,Malware,Healthcare,11.89,646567,Insider,Unpatched Software,VPN,15,18.389432185682228,2020-2024
Usa,2019,Ddos,Telecommunications,43.29,266748,Unknown,Unpatched Software,Antivirus,30,162.2880021593414,2015-2019
Usa,2022,Ransomware,Retail,92.88,771367,Hacker Group,Social Engineering,Firewall,5,120.40961047076165,2020-2024
Usa,2020,Ddos,Banking,99.81,948174,Unknown,Social Engineering,AI-based Detection,4,105.26548924564479,2020-2024
Brazil,2017,Ddos,Healthcare,62.74,460264,Unknown,Social Engineering,Firewall,9,136.31307249752317,2015-2019
Usa,2017,Ddos,Government,96.89,794147,Unknown,Unpatched Software,Antivirus,4,122.0051199588993,2015-2019
France,2015,Sql Injection,IT,43.86,72222,Unknown,Weak Passwords,Firewall,64,607.2941762897732,2015-2019
France,2020,Ddos,Telecommunications,66.27,995231,Nation-state,Weak Passwords,Firewall,53,66.58755605482546,2020-2024
Japan,2021,Malware,Retail,90.8,841766,Nation-state,Social Engineering,AI-based Detection,16,107.86845750481726,2020-2024
Russia,2015,Man-In-The-Middle,IT,95.04,566542,Unknown,Weak Passwords,Firewall,58,167.75455306049685,2015-2019
Uk,2022,Malware,Healthcare,12.67,781284,Hacker Group,Weak Passwords,Firewall,11,16.21689424076264,2020-2024
Uk,2021,Phishing,IT,89.59,361270,Nation-state,Weak Passwords,VPN,31,247.98627065629586,2020-2024
India,2022,Malware,Telecommunications,97.03,404834,Hacker Group,Zero-day,VPN,62,239.67848550269989,2020-2024
China,2023,Ddos,Government,53.46,374484,Unknown,Unpatched Software,Antivirus,46,142.75643285160382,2020-2024
Australia,2020,Sql Injection,IT,21.02,681476,Unknown,Weak Passwords,VPN,6,30.84481331697668,2020-2024
India,2019,Sql Injection,Retail,15.39,514826,Hacker Group,Unpatched Software,Firewall,72,29.893595117573703,2015-2019
Japan,2022,Malware,Education,97.32,742866,Nation-state,Social Engineering,Encryption,61,131.0061303115232,2020-2024
Uk,2016,Ransomware,Healthcare,61.66,639896,Hacker Group,Social Engineering,VPN,63,96.35940840386563,2015-2019
Australia,2022,Sql Injection,IT,15.29,42346,Hacker Group,Unpatched Software,VPN,33,361.07306475227887,2020-2024
Japan,2019,Malware,Telecommunications,5.88,235399,Unknown,Social Engineering,Antivirus,21,24.978865670627318,2015-2019
Usa,2015,Man-In-The-Middle,Retail,24.93,448426,Nation-state,Weak Passwords,VPN,36,55.5944570564597,2015-2019
France,2020,Ransomware,Retail,97.37,467137,Nation-state,Social Engineering,Encryption,14,208.43992233541766,2020-2024
Japan,2017,Sql Injection,Education,11.49,364107,Hacker Group,Social Engineering,AI-based Detection,28,31.556657795647983,2015-2019
India,2022,Man-In-The-Middle,Government,4.05,357898,Hacker Group,Social Engineering,Firewall,27,11.316073294625843,2020-2024
China,2016,Ddos,Banking,76.9,605118,Insider,Social Engineering,Firewall,30,127.0826516481083,2015-2019
Russia,2022,Man-In-The-Middle,Education,96.44,106169,Nation-state,Unpatched Software,Encryption,28,908.3630815021334,2020-2024
France,2016,Ransomware,Healthcare,34.29,157547,Insider,Unpatched Software,AI-based Detection,29,217.6493363885063,2015-2019
Brazil,2022,Sql Injection,Healthcare,56.63,242677,Insider,Social Engineering,Encryption,21,233.35544777626228,2020-2024
China,2016,Sql Injection,Banking,63.67,385872,Insider,Zero-day,Firewall,50,165.0029025168968,2015-2019
Germany,2018,Ddos,Retail,80.85,148209,Insider,Weak Passwords,Antivirus,54,545.5134303584803,2015-2019
Japan,2022,Ddos,Healthcare,9.5,387457,Nation-state,Weak Passwords,VPN,61,24.51884983365896,2020-2024
Russia,2023,Malware,IT,47.22,404004,Nation-state,Social Engineering,Encryption,58,116.88003089078326,2020-2024
Uk,2018,Ransomware,Retail,28.98,981029,Nation-state,Weak Passwords,Antivirus,42,29.54041113973185,2015-2019
France,2017,Malware,Telecommunications,96.63,389525,Unknown,Zero-day,Antivirus,32,248.0713689750337,2015-2019
India,2019,Sql Injection,IT,43.97,764974,Nation-state,Weak Passwords,VPN,18,57.47907772028853,2015-2019
India,2017,Man-In-The-Middle,Healthcare,91.4,621971,Nation-state,Weak Passwords,AI-based Detection,49,146.9521890892019,2015-2019
Brazil,2024,Sql Injection,IT,53.71,680584,Insider,Zero-day,AI-based Detection,5,78.91751789639486,2020-2024
China,2018,Sql Injection,Education,15.36,907858,Nation-state,Social Engineering,Encryption,47,16.918945473851636,2015-2019
Russia,2021,Sql Injection,Banking,80.68,983047,Hacker Group,Unpatched Software,Antivirus,19,82.07135569306452,2020-2024
France,2015,Malware,Government,17.3,610049,Hacker Group,Social Engineering,AI-based Detection,37,28.35837776965457,2015-2019
India,2021,Sql Injection,IT,52.16,100105,Unknown,Zero-day,Firewall,56,521.0528944608161,2020-2024
Usa,2023,Sql Injection,Government,89.46,59398,Hacker Group,Zero-day,Antivirus,8,1506.1113168793563,2020-2024
Usa,2023,Malware,Banking,35.91,91974,Hacker Group,Zero-day,AI-based Detection,41,390.4364276860852,2020-2024
Brazil,2019,Ransomware,Healthcare,9.32,785564,Insider,Unpatched Software,Antivirus,70,11.86408745818291,2015-2019
China,2023,Phishing,Banking,15.21,597516,Nation-state,Unpatched Software,Antivirus,15,25.455385295121804,2020-2024
Uk,2019,Ransomware,IT,17.98,799372,Hacker Group,Zero-day,AI-based Detection,14,22.4926567355374,2015-2019
France,2018,Sql Injection,Banking,32.84,77096,Unknown,Weak Passwords,VPN,29,425.9624364428765,2015-2019
Brazil,2023,Man-In-The-Middle,Retail,59.18,610786,Nation-state,Social Engineering,AI-based Detection,31,96.891546302633,2020-2024
Japan,2021,Sql Injection,Telecommunications,28.33,667271,Insider,Weak Passwords,Firewall,22,42.45651317081066,2020-2024
China,2023,Phishing,Banking,33.27,133315,Nation-state,Weak Passwords,AI-based Detection,25,249.55931440573082,2020-2024
Brazil,2019,Sql Injection,Government,24.93,381105,Unknown,Weak Passwords,Encryption,3,65.41504309835872,2015-2019
Uk,2020,Ransomware,Banking,98.07,795120,Unknown,Social Engineering,Firewall,42,123.33987322668277,2020-2024
Russia,2017,Sql Injection,Healthcare,67.13,198285,Nation-state,Unpatched Software,Encryption,56,338.5530927705071,2015-2019
India,2023,Ddos,Government,34.46,580270,Unknown,Unpatched Software,Firewall,35,59.386147827735364,2020-2024
Uk,2018,Ransomware,Retail,45.67,277410,Hacker Group,Social Engineering,Firewall,42,164.62997008038644,2015-2019
Australia,2022,Man-In-The-Middle,Government,38.29,793946,Nation-state,Weak Passwords,Firewall,12,48.22746131348983,2020-2024
Australia,2019,Ransomware,Banking,15.21,126770,Insider,Weak Passwords,Encryption,67,119.98106807604323,2015-2019
Australia,2016,Phishing,IT,55.18,66776,Unknown,Zero-day,Encryption,29,826.3447945369594,2015-2019
China,2018,Ddos,Telecommunications,83.5,434797,Insider,Social Engineering,Antivirus,21,192.04364335540492,2015-2019
France,2024,Sql Injection,Retail,3.07,901137,Nation-state,Zero-day,Antivirus,10,3.4068071780428504,2020-2024
Australia,2020,Man-In-The-Middle,Banking,34.59,427407,Unknown,Unpatched Software,Encryption,47,80.92988650162492,2020-2024
Usa,2021,Phishing,Banking,28.75,959107,Unknown,Zero-day,Antivirus,35,29.975800406002666,2020-2024
Russia,2017,Man-In-The-Middle,IT,55.23,12439,Nation-state,Weak Passwords,Firewall,20,4440.067529544175,2015-2019
Germany,2021,Man-In-The-Middle,Banking,14.45,292854,Nation-state,Unpatched Software,AI-based Detection,14,49.341992938460805,2020-2024
Usa,2023,Malware,Banking,66.06,189116,Insider,Social Engineering,AI-based Detection,53,349.30941855792213,2020-2024
Usa,2017,Phishing,Telecommunications,19.6,889404,Unknown,Weak Passwords,Firewall,60,22.037229425547896,2015-2019
Usa,2017,Man-In-The-Middle,Retail,58.98,566242,Nation-state,Social Engineering,VPN,63,104.16041197933039,2015-2019
Brazil,2015,Sql Injection,IT,86.67,694491,Unknown,Unpatched Software,Firewall,65,124.79643364708829,2015-2019
Australia,2015,Ddos,Education,51.54,297721,Nation-state,Weak Passwords,Antivirus,29,173.11509769213458,2015-2019
China,2024,Sql Injection,Education,13.61,394335,Unknown,Zero-day,Encryption,43,34.513801716814385,2020-2024
Japan,2016,Man-In-The-Middle,IT,57.14,590262,Insider,Unpatched Software,Antivirus,15,96.80446987947725,2015-2019
Germany,2015,Ddos,IT,91.79,846200,Unknown,Social Engineering,AI-based Detection,26,108.4731741904987,2015-2019
Japan,2017,Phishing,Telecommunications,89.85,44385,Hacker Group,Weak Passwords,AI-based Detection,18,2024.3325447786415,2015-2019
Uk,2021,Phishing,Banking,44.7,408446,Insider,Social Engineering,VPN,43,109.4391914720673,2020-2024
Uk,2023,Ddos,Education,54.0,806965,Insider,Social Engineering,AI-based Detection,56,66.91740038291624,2020-2024
Russia,2018,Ransomware,Education,79.93,587346,Hacker Group,Social Engineering,Antivirus,39,136.086735927375,2015-2019
Japan,2015,Phishing,Education,2.43,552342,Unknown,Zero-day,VPN,62,4.3994481679828805,2015-2019
France,2019,Ddos,Education,66.65,47104,Insider,Social Engineering,VPN,5,1414.9541440217392,2015-2019
Usa,2016,Ddos,Retail,13.83,586557,Hacker Group,Social Engineering,AI-based Detection,37,23.57827116546218,2015-2019
Russia,2017,Malware,Government,2.65,500857,Hacker Group,Zero-day,VPN,35,5.290931343676938,2015-2019
Usa,2022,Man-In-The-Middle,Banking,65.51,977913,Hacker Group,Weak Passwords,Antivirus,70,66.98959927928149,2020-2024
France,2021,Malware,Telecommunications,68.64,894858,Hacker Group,Social Engineering,Firewall,19,76.70490737077839,2020-2024
Uk,2018,Man-In-The-Middle,IT,75.81,574089,Unknown,Unpatched Software,Firewall,32,132.05269566217086,2015-2019
Usa,2015,Ddos,Healthcare,62.99,232622,Nation-state,Weak Passwords,Antivirus,33,270.7826430862085,2015-2019
India,2015,Malware,Retail,89.95,917351,Unknown,Zero-day,Encryption,43,98.05407090633793,2015-2019
Australia,2024,Sql Injection,IT,98.31,694333,Insider,Unpatched Software,VPN,48,141.58912222233425,2020-2024
India,2017,Ransomware,Government,38.87,968822,Nation-state,Weak Passwords,Antivirus,25,40.12088907972775,2015-2019
Brazil,2015,Ddos,Banking,18.87,976838,Unknown,Weak Passwords,Firewall,65,19.317430321097255,2015-2019
Australia,2019,Ddos,Education,54.63,22739,Insider,Unpatched Software,Firewall,44,2402.4803201548,2015-2019
Uk,2015,Man-In-The-Middle,Retail,7.92,657442,Nation-state,Social Engineering,Firewall,29,12.046690050224964,2015-2019
Brazil,2018,Phishing,Education,57.59,257681,Nation-state,Zero-day,Antivirus,40,223.49338911289541,2015-2019
Japan,2021,Man-In-The-Middle,Retail,9.97,536471,Hacker Group,Weak Passwords,Encryption,72,18.584415560207354,2020-2024
France,2015,Ransomware,IT,84.02,824619,Unknown,Social Engineering,Firewall,21,101.88947865620365,2015-2019
Russia,2016,Sql Injection,Government,77.94,538804,Hacker Group,Weak Passwords,VPN,43,144.65371452327747,2015-2019
Japan,2023,Phishing,Healthcare,49.32,463704,Hacker Group,Weak Passwords,Firewall,14,106.36095440194607,2020-2024
China,2021,Man-In-The-Middle,Telecommunications,66.61,596341,Insider,Weak Passwords,AI-based Detection,9,111.69783731120282,2020-2024
Brazil,2020,Malware,Retail,89.71,529588,Nation-state,Weak Passwords,AI-based Detection,65,169.39583223184815,2020-2024
Germany,2018,Man-In-The-Middle,Retail,43.28,22241,Hacker Group,Zero-day,Firewall,5,1945.9556674609955,2015-2019
Brazil,2020,Phishing,Banking,21.65,434936,Hacker Group,Zero-day,Encryption,24,49.77743851969025,2020-2024
Japan,2019,Malware,IT,33.61,52191,Nation-state,Weak Passwords,Antivirus,72,643.980762966795,2015-2019
Australia,2015,Malware,Banking,8.24,242247,Insider,Social Engineering,Antivirus,29,34.01486912118623,2015-2019
Brazil,2020,Phishing,Banking,34.5,372427,Insider,Weak Passwords,VPN,72,92.63560375590384,2020-2024
Brazil,2021,Ransomware,Healthcare,67.25,796351,Nation-state,Weak Passwords,AI-based Detection,21,84.44768701238524,2020-2024
Japan,2020,Sql Injection,Telecommunications,38.29,505831,Hacker Group,Social Engineering,Encryption,40,75.69721903165286,2020-2024
Germany,2020,Malware,Government,32.59,743344,Insider,Zero-day,VPN,4,43.842420198454555,2020-2024
China,2017,Phishing,Healthcare,70.4,651809,Unknown,Unpatched Software,Firewall,17,108.00710023948733,2015-2019
Brazil,2023,Sql Injection,Telecommunications,31.54,839281,Insider,Weak Passwords,Encryption,25,37.57978555454014,2020-2024
Brazil,2018,Sql Injection,Retail,84.79,99876,Insider,Unpatched Software,Firewall,56,848.9527013496736,2015-2019
Uk,2016,Sql Injection,Telecommunications,98.39,836521,Insider,Weak Passwords,Firewall,19,117.61808729248877,2015-2019
Japan,2022,Sql Injection,Retail,43.73,392831,Nation-state,Weak Passwords,AI-based Detection,71,111.320135121719,2020-2024
China,2015,Ransomware,Government,86.88,99312,Unknown,Zero-day,AI-based Detection,60,874.818753020783,2015-2019
Japan,2017,Malware,Education,26.24,945147,Insider,Zero-day,AI-based Detection,20,27.762877097425058,2015-2019
Usa,2018,Ddos,IT,26.29,943039,Insider,Zero-day,Firewall,28,27.87795626692003,2015-2019
Brazil,2016,Malware,Retail,76.81,670642,Unknown,Unpatched Software,AI-based Detection,10,114.53204541320108,2015-2019
Usa,2016,Malware,Banking,36.2,194553,Hacker Group,Social Engineering,AI-based Detection,48,186.0675497165297,2015-2019
China,2022,Ransomware,Education,49.56,257224,Hacker Group,Social Engineering,Firewall,46,192.67253444468633,2020-2024
India,2019,Ddos,Banking,58.96,891815,Unknown,Weak Passwords,Antivirus,19,66.1123663540084,2015-2019
China,2020,Ransomware,Banking,98.05,168617,Hacker Group,Unpatched Software,VPN,16,581.4953415136077,2020-2024
Uk,2016,Ransomware,Government,83.67,701152,Nation-state,Social Engineering,Firewall,53,119.33218474738716,2015-2019
Usa,2023,Sql Injection,Banking,30.66,749609,Nation-state,Zero-day,AI-based Detection,28,40.901323223173684,2020-2024
Uk,2024,Man-In-The-Middle,Government,86.74,658712,Hacker Group,Unpatched Software,VPN,25,131.6812203208686,2020-2024
China,2022,Ddos,Retail,77.74,642501,Hacker Group,Zero-day,AI-based Detection,19,120.9959206289173,2020-2024
Australia,2017,Malware,Banking,92.65,817255,Hacker Group,Weak Passwords,Antivirus,62,113.36730885708867,2015-2019
China,2021,Ransomware,Government,5.96,92237,Nation-state,Weak Passwords,AI-based Detection,47,64.61615186964016,2020-2024
Australia,2023,Man-In-The-Middle,Telecommunications,66.91,156195,Nation-state,Unpatched Software,Firewall,58,428.3747879253497,2020-2024
India,2016,Man-In-The-Middle,IT,23.38,618125,Nation-state,Zero-day,VPN,16,37.82406471183013,2015-2019
Australia,2021,Man-In-The-Middle,Banking,82.04,828293,Insider,Weak Passwords,Antivirus,64,99.04707633651377,2020-2024
Brazil,2017,Malware,Telecommunications,6.09,436100,Unknown,Zero-day,Encryption,12,13.964686998394864,2015-2019
Usa,2020,Ddos,Retail,14.12,787194,Unknown,Zero-day,VPN,51,17.937128585837797,2020-2024
France,2021,Phishing,Retail,31.52,380086,Nation-state,Social Engineering,Encryption,65,82.92860036939008,2020-2024
India,2024,Malware,Healthcare,13.74,330581,Unknown,Zero-day,AI-based Detection,54,41.56318723701604,2020-2024
Australia,2017,Sql Injection,IT,99.99,672966,Hacker Group,Zero-day,Firewall,13,148.58105758686173,2015-2019
India,2022,Malware,Telecommunications,19.56,772330,Hacker Group,Unpatched Software,Encryption,20,25.325961700309453,2020-2024
Japan,2018,Man-In-The-Middle,Telecommunications,81.61,255844,Insider,Unpatched Software,Encryption,8,318.9834430355998,2015-2019
Germany,2017,Ransomware,Government,80.7,107009,Nation-state,Social Engineering,Encryption,67,754.1421749572465,2015-2019
Japan,2020,Sql Injection,Retail,10.41,872095,Nation-state,Unpatched Software,Firewall,44,11.936772943314661,2020-2024
France,2015,Ddos,Banking,85.36,50427,Hacker Group,Zero-day,Encryption,5,1692.7439665258692,2015-2019
Usa,2017,Phishing,Retail,15.24,599197,Unknown,Zero-day,AI-based Detection,8,25.43403922249277,2015-2019
Brazil,2022,Malware,Telecommunications,40.08,459643,Nation-state,Weak Passwords,Antivirus,10,87.1981080969361,2020-2024
China,2021,Ddos,Telecommunications,10.2,950257,Nation-state,Weak Passwords,AI-based Detection,61,10.73393829248298,2020-2024
Australia,2022,Phishing,Healthcare,72.53,496317,Hacker Group,Weak Passwords,Antivirus,62,146.1364410245871,2020-2024
Brazil,2017,Man-In-The-Middle,Healthcare,96.36,596078,Hacker Group,Weak Passwords,Encryption,10,161.6566959357668,2015-2019
Brazil,2019,Ransomware,Banking,88.63,701522,Insider,Social Engineering,VPN,10,126.33958735435239,2015-2019
India,2015,Man-In-The-Middle,Healthcare,37.15,357124,Nation-state,Weak Passwords,Antivirus,31,104.02549254600643,2015-2019
Germany,2022,Sql Injection,Government,47.92,112688,Nation-state,Social Engineering,VPN,15,425.244924038052,2020-2024
India,2018,Phishing,Retail,14.46,743107,Hacker Group,Social Engineering,VPN,49,19.458839709490018,2015-2019
India,2022,Man-In-The-Middle,Banking,32.47,947465,Unknown,Unpatched Software,AI-based Detection,69,34.27039521248806,2020-2024
Japan,2019,Ransomware,Government,81.97,358572,Hacker Group,Weak Passwords,VPN,48,228.6012293207501,2015-2019
India,2024,Malware,IT,92.08,430701,Hacker Group,Unpatched Software,VPN,54,213.79100582538697,2020-2024
Russia,2021,Ddos,Banking,94.48,281900,Hacker Group,Zero-day,Antivirus,1,335.1543100390209,2020-2024
Australia,2021,Malware,IT,84.74,391257,Hacker Group,Zero-day,AI-based Detection,66,216.583984439895,2020-2024
China,2019,Man-In-The-Middle,Banking,81.8,277875,Nation-state,Social Engineering,Antivirus,43,294.3769680611786,2015-2019
Japan,2015,Ddos,IT,33.27,207244,Hacker Group,Zero-day,Antivirus,38,160.53540753893964,2015-2019
India,2018,Malware,Healthcare,66.96,294133,Insider,Social Engineering,VPN,20,227.65211655951558,2015-2019
Brazil,2023,Ransomware,Telecommunications,71.4,66852,Hacker Group,Weak Passwords,VPN,58,1068.030874169808,2020-2024
China,2024,Ransomware,Telecommunications,67.47,54722,Nation-state,Social Engineering,Encryption,13,1232.95932166222,2020-2024
Australia,2022,Phishing,Education,17.32,178951,Nation-state,Weak Passwords,Antivirus,26,96.78627110214528,2020-2024
Usa,2020,Ransomware,Healthcare,17.24,682791,Insider,Social Engineering,Encryption,44,25.249307621219376,2020-2024
Russia,2016,Sql Injection,Education,17.05,888205,Nation-state,Weak Passwords,AI-based Detection,38,19.19601893706971,2015-2019
France,2022,Phishing,IT,52.19,794901,Insider,Zero-day,VPN,26,65.6559747691851,2020-2024
France,2018,Ddos,Government,27.44,978683,Insider,Zero-day,VPN,35,28.0376792076699,2015-2019
Australia,2015,Phishing,Telecommunications,73.77,639279,Nation-state,Zero-day,VPN,44,115.39562538422192,2015-2019
Uk,2020,Malware,Retail,10.94,675338,Hacker Group,Weak Passwords,VPN,54,16.199295760049043,2020-2024
Australia,2021,Man-In-The-Middle,Government,42.24,147589,Insider,Unpatched Software,Antivirus,31,286.2001910711503,2020-2024
Australia,2017,Ddos,Government,82.39,646824,Hacker Group,Zero-day,AI-based Detection,2,127.3762259903776,2015-2019
China,2016,Phishing,Government,37.62,465317,Insider,Social Engineering,Firewall,20,80.84810999813031,2015-2019
Usa,2023,Malware,IT,21.53,233379,Unknown,Unpatched Software,Antivirus,50,92.25337326837462,2020-2024
China,2023,Malware,IT,43.51,684108,Unknown,Weak Passwords,Firewall,24,63.601068837084206,2020-2024
Russia,2020,Ddos,Healthcare,44.32,130510,Unknown,Social Engineering,AI-based Detection,66,339.5908359512681,2020-2024
Brazil,2016,Man-In-The-Middle,Banking,43.45,489853,Nation-state,Zero-day,AI-based Detection,28,88.70007941157857,2015-2019
Australia,2022,Malware,Healthcare,47.92,25905,Nation-state,Unpatched Software,VPN,40,1849.8359390079136,2020-2024
Japan,2023,Malware,IT,73.74,795367,Hacker Group,Zero-day,AI-based Detection,55,92.71191789450656,2020-2024
Australia,2023,Man-In-The-Middle,Retail,93.25,349335,Nation-state,Zero-day,Firewall,27,266.93574935234085,2020-2024
Usa,2015,Ransomware,Government,13.92,366147,Hacker Group,Weak Passwords,VPN,38,38.01751755442486,2015-2019
India,2018,Phishing,Government,41.1,25094,Nation-state,Unpatched Software,VPN,42,1637.841715151032,2015-2019
Russia,2024,Phishing,Retail,44.08,988889,Nation-state,Unpatched Software,Encryption,31,44.57527589041844,2020-2024
Japan,2022,Man-In-The-Middle,IT,65.19,216303,Hacker Group,Unpatched Software,AI-based Detection,49,301.3827824856798,2020-2024
Australia,2023,Ransomware,Healthcare,21.54,388211,Nation-state,Weak Passwords,Antivirus,22,55.48529021588775,2020-2024
Usa,2022,Man-In-The-Middle,Education,83.61,30235,Insider,Weak Passwords,Encryption,47,2765.3381842235817,2020-2024
Usa,2023,Malware,Banking,13.99,109083,Nation-state,Weak Passwords,Antivirus,49,128.25096486161914,2020-2024
Germany,2017,Malware,Healthcare,49.09,397361,Hacker Group,Weak Passwords,Encryption,57,123.54005551626858,2015-2019
Uk,2016,Ransomware,Retail,32.16,329026,Nation-state,Weak Passwords,VPN,31,97.74303550479293,2015-2019
Australia,2017,Man-In-The-Middle,IT,45.5,889521,Nation-state,Weak Passwords,Encryption,51,51.15112515612335,2015-2019
Usa,2018,Sql Injection,Healthcare,73.16,849755,Insider,Weak Passwords,Encryption,46,86.0954039693794,2015-2019
China,2021,Phishing,Education,70.2,631101,Unknown,Zero-day,Firewall,36,111.23417646303841,2020-2024
Japan,2016,Ddos,Healthcare,10.62,625954,Insider,Weak Passwords,AI-based Detection,71,16.966102940471664,2015-2019
Japan,2023,Man-In-The-Middle,IT,26.65,220769,Unknown,Zero-day,VPN,71,120.7144118965978,2020-2024
China,2018,Sql Injection,Healthcare,52.01,527443,Hacker Group,Unpatched Software,Firewall,24,98.60781164978964,2015-2019
Germany,2020,Ddos,Government,32.71,846169,Hacker Group,Zero-day,VPN,59,38.656580423059694,2020-2024
China,2017,Malware,Education,47.46,783239,Unknown,Social Engineering,VPN,41,60.594531171200614,2015-2019
China,2022,Malware,Telecommunications,11.39,104772,Unknown,Social Engineering,Firewall,43,108.71225136486848,2020-2024
Germany,2015,Ddos,Telecommunications,31.68,33098,Hacker Group,Zero-day,AI-based Detection,8,957.1575321771709,2015-2019
Uk,2024,Man-In-The-Middle,Healthcare,65.78,512847,Insider,Social Engineering,Encryption,72,128.26437514502376,2020-2024
Australia,2018,Sql Injection,Banking,71.01,840106,Insider,Weak Passwords,VPN,44,84.5250480296534,2015-2019
Brazil,2024,Sql Injection,Healthcare,69.57,269458,Insider,Zero-day,Firewall,15,258.1849490458624,2020-2024
Germany,2021,Ransomware,Healthcare,66.84,242893,Nation-state,Zero-day,Antivirus,50,275.18289946602,2020-2024
Russia,2018,Phishing,Education,5.25,605947,Insider,Zero-day,Firewall,13,8.664124090060682,2015-2019
Japan,2018,Sql Injection,Education,60.57,468399,Nation-state,Zero-day,VPN,56,129.31282944668968,2015-2019
India,2015,Ransomware,IT,61.68,503774,Hacker Group,Zero-day,Firewall,37,122.43585417270442,2015-2019
France,2021,Phishing,Retail,45.74,754278,Insider,Social Engineering,Firewall,46,60.64077170486213,2020-2024
Japan,2019,Sql Injection,IT,89.81,126120,Unknown,Social Engineering,Encryption,39,712.0995876942594,2015-2019
Uk,2018,Malware,IT,73.27,210024,Hacker Group,Weak Passwords,Antivirus,20,348.8648916314326,2015-2019
France,2022,Ddos,Banking,51.33,970775,Insider,Unpatched Software,AI-based Detection,21,52.87528005974608,2020-2024
France,2017,Ransomware,Education,19.84,832471,Insider,Social Engineering,Firewall,54,23.832662038677622,2015-2019
India,2024,Phishing,IT,97.25,165316,Unknown,Zero-day,Encryption,61,588.2673183478913,2020-2024
Australia,2016,Ddos,Retail,2.96,990886,Insider,Weak Passwords,AI-based Detection,59,2.9872255738803455,2015-2019
Uk,2021,Malware,Telecommunications,82.28,370146,Nation-state,Zero-day,VPN,55,222.2906636840598,2020-2024
China,2021,Man-In-The-Middle,Retail,49.59,284823,Unknown,Social Engineering,Antivirus,50,174.10813031250987,2020-2024
Uk,2016,Malware,Healthcare,65.14,742857,Nation-state,Weak Passwords,Antivirus,49,87.68847840163046,2015-2019
Brazil,2024,Ddos,Healthcare,70.0,484101,Hacker Group,Unpatched Software,VPN,9,144.59792481321045,2020-2024
Uk,2015,Ransomware,Telecommunications,22.58,368441,Hacker Group,Weak Passwords,AI-based Detection,71,61.28525326985867,2015-2019
Russia,2019,Malware,Banking,55.42,945465,Unknown,Weak Passwords,Firewall,5,58.61665952732253,2015-2019
Usa,2016,Ddos,Healthcare,27.08,551900,Unknown,Social Engineering,VPN,17,49.066859938394636,2015-2019
Uk,2021,Malware,Banking,73.02,731722,Hacker Group,Weak Passwords,VPN,28,99.79199750725002,2020-2024
Germany,2018,Phishing,Banking,88.73,436597,Insider,Unpatched Software,AI-based Detection,33,203.23089714313198,2015-2019
France,2020,Ddos,Education,16.35,728830,Insider,Zero-day,AI-based Detection,45,22.433214878641113,2020-2024
Usa,2022,Ransomware,IT,85.61,826018,Hacker Group,Weak Passwords,Firewall,24,103.64180925839389,2020-2024
Russia,2020,Ransomware,Telecommunications,76.61,791323,Insider,Unpatched Software,Encryption,40,96.81255315465366,2020-2024
Usa,2015,Sql Injection,Banking,42.77,117454,Insider,Unpatched Software,Firewall,19,364.1425579375756,2015-2019
Japan,2023,Ransomware,Retail,95.3,986882,Hacker Group,Weak Passwords,Encryption,45,96.5667627943361,2020-2024
France,2016,Phishing,IT,78.12,770227,Unknown,Zero-day,Antivirus,20,101.42464494233518,2015-2019
China,2024,Sql Injection,Government,21.33,997411,Nation-state,Social Engineering,Antivirus,25,21.385366714423643,2020-2024
Japan,2020,Malware,Education,66.93,640603,Hacker Group,Unpatched Software,VPN,23,104.47968554627438,2020-2024
Brazil,2024,Phishing,Telecommunications,81.54,499671,Hacker Group,Weak Passwords,VPN,4,163.18737729425962,2020-2024
India,2020,Phishing,Retail,12.64,805905,Nation-state,Social Engineering,Firewall,54,15.684230771617003,2020-2024
France,2017,Phishing,Retail,43.2,377252,Nation-state,Unpatched Software,Encryption,8,114.51231537539894,2015-2019
Usa,2018,Ransomware,Retail,20.58,653168,Unknown,Weak Passwords,AI-based Detection,3,31.507973446341524,2015-2019
Brazil,2017,Phishing,IT,26.62,955790,Nation-state,Zero-day,Encryption,44,27.8513062492807,2015-2019
Usa,2018,Phishing,Telecommunications,15.56,734448,Unknown,Social Engineering,Encryption,37,21.185979129904364,2015-2019
China,2021,Ransomware,Retail,12.97,425647,Unknown,Zero-day,Antivirus,4,30.471259047990472,2020-2024
France,2019,Sql Injection,Banking,98.04,278315,Unknown,Unpatched Software,VPN,3,352.2627238919929,2015-2019
Uk,2020,Man-In-The-Middle,Telecommunications,63.35,294447,Unknown,Zero-day,AI-based Detection,54,215.14907606462285,2020-2024
Brazil,2020,Ddos,Education,26.57,384988,Insider,Zero-day,AI-based Detection,19,69.01513813417561,2020-2024
Japan,2020,Man-In-The-Middle,Education,29.58,141411,Insider,Unpatched Software,AI-based Detection,58,209.17750387169315,2020-2024
France,2023,Phishing,Healthcare,72.54,581712,Insider,Social Engineering,VPN,12,124.70088291113129,2020-2024
Uk,2020,Ransomware,Education,35.16,100749,Unknown,Zero-day,Firewall,62,348.9860941547807,2020-2024
Russia,2019,Malware,Education,56.94,217880,Nation-state,Unpatched Software,VPN,48,261.33651551312647,2015-2019
France,2023,Man-In-The-Middle,Telecommunications,99.71,357542,Hacker Group,Zero-day,Antivirus,21,278.8763278160328,2020-2024
Uk,2021,Malware,Telecommunications,77.18,347426,Hacker Group,Zero-day,Antivirus,36,222.14802576663809,2020-2024
France,2018,Man-In-The-Middle,Education,36.92,829140,Nation-state,Unpatched Software,Encryption,2,44.52806522420821,2015-2019
France,2017,Sql Injection,Healthcare,42.8,683189,Unknown,Zero-day,VPN,19,62.64737869023067,2015-2019
India,2019,Ransomware,Banking,89.41,453441,Hacker Group,Unpatched Software,VPN,29,197.1811106626882,2015-2019
Australia,2017,Malware,IT,33.34,673439,Insider,Weak Passwords,Firewall,13,49.50708230441065,2015-2019
Brazil,2016,Sql Injection,Telecommunications,13.94,832297,Nation-state,Weak Passwords,AI-based Detection,69,16.748828843549838,2015-2019
India,2018,Phishing,IT,13.05,400964,Nation-state,Weak Passwords,VPN,19,32.54656278369131,2015-2019
France,2019,Ddos,Telecommunications,52.94,192293,Nation-state,Weak Passwords,VPN,57,275.30903361016783,2015-2019
Russia,2019,Man-In-The-Middle,Banking,26.02,565292,Insider,Unpatched Software,Antivirus,27,46.02930874663006,2015-2019
Brazil,2016,Phishing,Education,9.23,774750,Nation-state,Social Engineering,Firewall,70,11.913520490480801,2015-2019
France,2022,Phishing,IT,78.2,666996,Insider,Weak Passwords,Encryption,59,117.24208241128882,2020-2024
Germany,2016,Malware,Healthcare,94.12,21382,Unknown,Weak Passwords,Encryption,21,4401.833317743897,2015-2019
Germany,2021,Phishing,Telecommunications,55.14,463525,Nation-state,Unpatched Software,AI-based Detection,59,118.95798500620246,2020-2024
Russia,2022,Ransomware,Telecommunications,16.98,905673,Insider,Weak Passwords,VPN,54,18.748488692938842,2020-2024
India,2024,Man-In-The-Middle,Retail,30.59,619881,Nation-state,Unpatched Software,Antivirus,42,49.34818134448386,2020-2024
France,2015,Malware,Banking,20.27,987350,Insider,Zero-day,Antivirus,4,20.52970071403251,2015-2019
Usa,2019,Phishing,Education,97.32,849084,Nation-state,Zero-day,VPN,62,114.61763500431053,2015-2019
Uk,2017,Man-In-The-Middle,Education,13.06,799627,Hacker Group,Weak Passwords,Antivirus,36,16.33261508178188,2015-2019
France,2023,Man-In-The-Middle,Education,87.39,307155,Unknown,Unpatched Software,Antivirus,28,284.5143331542707,2020-2024
Japan,2024,Ransomware,Retail,88.36,989106,Unknown,Zero-day,Firewall,3,89.33319583543118,2020-2024
India,2020,Man-In-The-Middle,Retail,84.77,129144,Hacker Group,Weak Passwords,Antivirus,25,656.3990584154122,2020-2024
Uk,2015,Malware,Government,57.81,767562,Unknown,Zero-day,Antivirus,61,75.3163913794586,2015-2019
Brazil,2015,Malware,IT,74.03,956965,Hacker Group,Unpatched Software,Encryption,40,77.35915106613095,2015-2019
Germany,2023,Phishing,Retail,87.55,291580,Unknown,Unpatched Software,Firewall,25,300.2606488785239,2020-2024
Germany,2017,Ransomware,Education,76.96,950276,Hacker Group,Unpatched Software,Firewall,31,80.98699746179005,2015-2019
Uk,2017,Man-In-The-Middle,Telecommunications,89.07,932075,Unknown,Unpatched Software,Firewall,72,95.56097953490867,2015-2019
Germany,2015,Ddos,Healthcare,33.96,931456,Hacker Group,Zero-day,AI-based Detection,22,36.459049058678026,2015-2019
Japan,2023,Ransomware,Retail,28.77,983880,Nation-state,Unpatched Software,Antivirus,54,29.241370898890107,2020-2024
China,2022,Ddos,Education,18.49,20680,Nation-state,Social Engineering,Firewall,29,894.100580270793,2020-2024
Australia,2018,Malware,Education,21.39,437056,Hacker Group,Zero-day,AI-based Detection,52,48.9410967930883,2015-2019
India,2021,Malware,Government,57.91,769222,Insider,Weak Passwords,Antivirus,32,75.28385823598389,2020-2024
Australia,2022,Malware,Government,4.5,436928,Unknown,Social Engineering,Antivirus,34,10.299179727552366,2020-2024
China,2021,Ddos,Healthcare,38.67,340194,Unknown,Weak Passwords,VPN,44,113.67043510467556,2020-2024
India,2019,Ddos,IT,44.01,612030,Nation-state,Unpatched Software,Antivirus,47,71.90823979216705,2015-2019
Australia,2019,Man-In-The-Middle,IT,87.89,551100,Insider,Zero-day,VPN,9,159.4810379241517,2015-2019
Brazil,2022,Phishing,IT,26.02,251768,Unknown,Social Engineering,VPN,6,103.34911505830765,2020-2024
Japan,2015,Ddos,Retail,11.69,680720,Nation-state,Zero-day,Encryption,2,17.172993301210482,2015-2019
Usa,2017,Ddos,Telecommunications,51.69,156213,Nation-state,Weak Passwords,VPN,9,330.8943557834495,2015-2019
Japan,2020,Man-In-The-Middle,Retail,33.75,468856,Hacker Group,Unpatched Software,Firewall,15,71.98372208098009,2020-2024
France,2023,Ransomware,Government,63.45,90678,Nation-state,Unpatched Software,Firewall,22,699.7287103817905,2020-2024
Uk,2022,Ddos,Retail,45.73,554585,Hacker Group,Social Engineering,VPN,63,82.45805422072361,2020-2024
China,2021,Man-In-The-Middle,Banking,33.3,935265,Nation-state,Unpatched Software,Firewall,20,35.604882038780445,2020-2024
Japan,2023,Sql Injection,Banking,43.96,459922,Nation-state,Zero-day,Encryption,12,95.58142467635817,2020-2024
France,2017,Ddos,Healthcare,6.72,782873,Hacker Group,Zero-day,Encryption,4,8.583767737551302,2015-2019
Uk,2020,Ransomware,Banking,53.03,528708,Unknown,Social Engineering,VPN,14,100.30111138851692,2020-2024
Germany,2020,Sql Injection,Healthcare,38.89,513096,Hacker Group,Weak Passwords,VPN,57,75.79478304254954,2020-2024
Australia,2018,Ddos,Education,79.5,636407,Hacker Group,Zero-day,Encryption,11,124.92005901883543,2015-2019
Usa,2020,Ransomware,Retail,38.02,419557,Unknown,Weak Passwords,Antivirus,2,90.61939140569696,2020-2024
Brazil,2018,Ddos,Healthcare,47.47,784099,Insider,Social Engineering,AI-based Detection,30,60.54082456424508,2015-2019
Japan,2024,Malware,Telecommunications,71.18,37870,Nation-state,Zero-day,AI-based Detection,31,1879.588064430948,2020-2024
Brazil,2022,Malware,IT,4.08,291590,Hacker Group,Zero-day,Antivirus,22,13.992249391268562,2020-2024
India,2018,Sql Injection,Telecommunications,15.96,444408,Unknown,Weak Passwords,AI-based Detection,64,35.91294486147864,2015-2019
Germany,2015,Malware,Banking,56.13,526658,Nation-state,Weak Passwords,VPN,38,106.57770317739406,2015-2019
Japan,2021,Malware,Retail,30.53,333238,Hacker Group,Social Engineering,Firewall,20,91.61620223383888,2020-2024
Australia,2020,Ddos,Retail,31.36,449936,Insider,Weak Passwords,VPN,52,69.69880160733972,2020-2024
Germany,2023,Malware,Retail,71.05,61238,Unknown,Unpatched Software,AI-based Detection,41,1160.2273098402952,2020-2024
Usa,2024,Malware,Education,24.93,916209,Unknown,Zero-day,Encryption,50,27.209948821720808,2020-2024
India,2022,Ddos,Banking,13.97,762440,Nation-state,Unpatched Software,AI-based Detection,19,18.322753265830755,2020-2024
China,2021,Malware,Banking,92.2,248859,Nation-state,Social Engineering,Antivirus,33,370.4909205614424,2020-2024
Russia,2015,Sql Injection,IT,47.8,645774,Hacker Group,Social Engineering,Firewall,7,74.01970348759782,2015-2019
Brazil,2024,Man-In-The-Middle,Healthcare,61.55,218189,Unknown,Weak Passwords,AI-based Detection,48,282.09488104349896,2020-2024
China,2015,Man-In-The-Middle,Banking,66.47,623301,Hacker Group,Social Engineering,VPN,40,106.64189532826035,2015-2019
Germany,2017,Ransomware,Education,10.32,195872,Hacker Group,Social Engineering,Antivirus,22,52.68746936775037,2015-2019
Germany,2016,Sql Injection,IT,76.36,807745,Nation-state,Unpatched Software,AI-based Detection,71,94.53478511163796,2015-2019
France,2020,Ransomware,Healthcare,25.49,50385,Unknown,Unpatched Software,Antivirus,10,505.9045350798849,2020-2024
Brazil,2017,Malware,Telecommunications,73.71,377769,Hacker Group,Zero-day,Firewall,38,195.11923953527156,2015-2019
Uk,2018,Ransomware,Telecommunications,99.41,355256,Hacker Group,Unpatched Software,Firewall,51,279.826378724075,2015-2019
Uk,2017,Ddos,Government,65.57,478549,Hacker Group,Weak Passwords,Antivirus,37,137.0183617560584,2015-2019
Germany,2022,Malware,Retail,60.85,125300,Insider,Weak Passwords,AI-based Detection,11,485.634477254589,2020-2024
France,2018,Ransomware,Education,34.54,608196,Insider,Weak Passwords,AI-based Detection,25,56.79090293260725,2015-2019
China,2023,Phishing,Government,43.49,27694,Unknown,Weak Passwords,Encryption,30,1570.3762547844299,2020-2024
China,2017,Man-In-The-Middle,Retail,30.38,29840,Hacker Group,Weak Passwords,AI-based Detection,63,1018.0965147453084,2015-2019
Russia,2015,Phishing,Banking,4.59,720643,Unknown,Social Engineering,Firewall,19,6.369311850666696,2015-2019
Germany,2015,Man-In-The-Middle,IT,54.54,775866,Insider,Weak Passwords,AI-based Detection,69,70.29564383540456,2015-2019
Usa,2021,Phishing,Retail,95.86,671335,Hacker Group,Zero-day,Antivirus,62,142.79011223904607,2020-2024
Usa,2017,Ddos,Banking,98.07,276199,Insider,Weak Passwords,Antivirus,28,355.0700762855767,2015-2019
Uk,2015,Ransomware,IT,75.49,534962,Unknown,Weak Passwords,Encryption,59,141.11282670544824,2015-2019
Uk,2022,Phishing,Telecommunications,62.8,758516,Hacker Group,Zero-day,VPN,16,82.7932436494418,2020-2024
Australia,2018,Phishing,Education,82.18,943662,Unknown,Weak Passwords,Antivirus,47,87.08626605712638,2015-2019
Germany,2019,Ransomware,Government,99.3,257068,Hacker Group,Social Engineering,AI-based Detection,17,386.2791168095601,2015-2019
Usa,2015,Ddos,Education,66.04,75167,Insider,Unpatched Software,VPN,13,878.5770351350993,2015-2019
Germany,2017,Sql Injection,Retail,88.18,3200,Insider,Weak Passwords,AI-based Detection,43,27556.25,2015-2019
Japan,2018,Ransomware,IT,60.82,917016,Unknown,Weak Passwords,VPN,39,66.32381550594538,2015-2019
Uk,2020,Sql Injection,Banking,40.31,760892,Hacker Group,Zero-day,VPN,22,52.9772950694711,2020-2024
Uk,2021,Sql Injection,Telecommunications,1.47,204624,Unknown,Unpatched Software,VPN,33,7.183908045977011,2020-2024
India,2020,Ddos,Healthcare,16.65,324899,Insider,Unpatched Software,Firewall,57,51.24669512679324,2020-2024
Australia,2023,Ransomware,Government,96.44,472878,Unknown,Social Engineering,Firewall,37,203.94266597304167,2020-2024
France,2022,Malware,Retail,13.77,804221,Nation-state,Zero-day,Firewall,68,17.122159207481527,2020-2024
Russia,2023,Ransomware,Banking,54.09,514319,Hacker Group,Zero-day,Firewall,37,105.16819328082377,2020-2024
Usa,2016,Man-In-The-Middle,Education,2.17,180599,Insider,Social Engineering,Antivirus,4,12.015570407366596,2015-2019
China,2017,Sql Injection,Retail,61.83,129677,Hacker Group,Unpatched Software,Firewall,60,476.80004935339343,2015-2019
Usa,2016,Ransomware,Telecommunications,99.88,999508,Unknown,Unpatched Software,VPN,23,99.92916514925344,2015-2019
Australia,2019,Sql Injection,Healthcare,3.92,915247,Nation-state,Zero-day,Encryption,52,4.2829968303638255,2015-2019
Japan,2015,Man-In-The-Middle,Education,50.99,685261,Nation-state,Unpatched Software,AI-based Detection,36,74.4096045156517,2015-2019
Uk,2023,Ddos,Government,34.8,48515,Hacker Group,Social Engineering,Encryption,50,717.3039266206328,2020-2024
China,2017,Man-In-The-Middle,Government,49.37,613786,Nation-state,Unpatched Software,Antivirus,24,80.43520054220852,2015-2019
Australia,2016,Ddos,Education,61.23,228033,Nation-state,Unpatched Software,Encryption,43,268.5137677441423,2015-2019
India,2019,Sql Injection,Education,95.54,862718,Hacker Group,Weak Passwords,Antivirus,44,110.7430237922473,2015-2019
Russia,2017,Ransomware,Healthcare,16.77,924837,Hacker Group,Unpatched Software,Firewall,62,18.132925045170122,2015-2019
Japan,2018,Sql Injection,Government,20.36,876850,Insider,Weak Passwords,AI-based Detection,8,23.21947881621714,2015-2019
Germany,2017,Phishing,Banking,10.56,556014,Nation-state,Unpatched Software,Encryption,11,18.992327531321155,2015-2019
Brazil,2021,Phishing,Government,42.82,974362,Insider,Unpatched Software,Encryption,70,43.946705639177225,2020-2024
India,2017,Man-In-The-Middle,IT,68.68,725608,Insider,Zero-day,AI-based Detection,15,94.6516576443479,2015-2019
Russia,2019,Man-In-The-Middle,Education,6.79,386691,Nation-state,Weak Passwords,AI-based Detection,20,17.559239806460454,2015-2019
India,2017,Sql Injection,Government,40.98,402855,Insider,Social Engineering,AI-based Detection,26,101.72394534013479,2015-2019
Japan,2018,Phishing,Healthcare,25.66,518357,Insider,Weak Passwords,Firewall,42,49.50256290548791,2015-2019
Usa,2018,Phishing,Banking,29.35,724633,Hacker Group,Weak Passwords,Encryption,26,40.50326165107027,2015-2019
Germany,2015,Ransomware,IT,6.74,742272,Nation-state,Zero-day,Antivirus,64,9.080229349887912,2015-2019
Brazil,2024,Malware,IT,83.09,650093,Unknown,Social Engineering,Antivirus,58,127.81248221408322,2020-2024
Japan,2021,Phishing,Banking,94.32,755165,Hacker Group,Social Engineering,Antivirus,28,124.89985632279038,2020-2024
Uk,2021,Ddos,IT,67.12,581923,Hacker Group,Social Engineering,VPN,63,115.3417204681719,2020-2024
Australia,2024,Man-In-The-Middle,Retail,76.83,637189,Hacker Group,Unpatched Software,Antivirus,56,120.57646946196498,2020-2024
Usa,2017,Ddos,Retail,70.37,513625,Nation-state,Weak Passwords,VPN,37,137.006570941835,2015-2019
Germany,2024,Phishing,Government,22.46,499142,Nation-state,Unpatched Software,VPN,70,44.997215221319784,2020-2024
Usa,2024,Phishing,Healthcare,17.64,8334,Unknown,Zero-day,Firewall,13,2116.6306695464364,2020-2024
Usa,2020,Phishing,Government,37.3,617277,Insider,Social Engineering,Antivirus,4,60.426680404421354,2020-2024
Usa,2018,Man-In-The-Middle,Education,2.17,614662,Unknown,Weak Passwords,VPN,37,3.5303955669945433,2015-2019
China,2024,Ddos,Banking,99.99,755185,Unknown,Weak Passwords,Encryption,20,132.40464257102565,2020-2024
Russia,2018,Ddos,IT,37.84,839882,Nation-state,Social Engineering,AI-based Detection,7,45.05394805460767,2015-2019
Russia,2021,Ransomware,Education,86.8,852965,Nation-state,Weak Passwords,Antivirus,39,101.76267490459749,2020-2024
Brazil,2021,Man-In-The-Middle,Banking,3.69,566386,Insider,Unpatched Software,Encryption,45,6.514991542870057,2020-2024
Japan,2017,Phishing,IT,73.85,402903,Insider,Zero-day,Encryption,55,183.29473843580217,2015-2019
Uk,2018,Ddos,Retail,0.5,261266,Hacker Group,Weak Passwords,Firewall,63,1.913758391830548,2015-2019
France,2015,Malware,IT,91.94,899215,Hacker Group,Weak Passwords,Antivirus,59,102.24473568612623,2015-2019
China,2023,Man-In-The-Middle,Education,35.37,455900,Hacker Group,Zero-day,Antivirus,11,77.58280324632595,2020-2024
Japan,2023,Sql Injection,Government,69.61,391049,Unknown,Weak Passwords,Antivirus,35,178.00838258121104,2020-2024
France,2020,Ransomware,Government,81.53,694660,Unknown,Weak Passwords,Encryption,29,117.36676935479227,2020-2024
Germany,2020,Ddos,IT,63.96,650469,Unknown,Unpatched Software,Antivirus,58,98.32905180723448,2020-2024
Usa,2020,Sql Injection,IT,68.17,247149,Nation-state,Unpatched Software,Antivirus,47,275.8255141635208,2020-2024
Japan,2019,Ddos,Education,15.54,645578,Insider,Weak Passwords,AI-based Detection,56,24.071452248992376,2015-2019
Germany,2019,Sql Injection,Government,67.05,848517,Unknown,Unpatched Software,Antivirus,16,79.02021998380704,2015-2019
France,2019,Malware,Healthcare,25.19,897755,Hacker Group,Social Engineering,Antivirus,61,28.058880206737918,2015-2019
Usa,2023,Ransomware,Government,93.34,999635,Nation-state,Weak Passwords,Firewall,24,93.37408153976202,2020-2024
Brazil,2017,Phishing,Government,87.27,767721,Unknown,Weak Passwords,Encryption,9,113.6741081721094,2015-2019
India,2019,Phishing,IT,33.15,629687,Unknown,Social Engineering,Firewall,53,52.64520309296523,2015-2019
India,2021,Phishing,Retail,38.5,517843,Unknown,Unpatched Software,VPN,69,74.34685802453639,2020-2024
Russia,2015,Ddos,Healthcare,20.92,807631,Nation-state,Weak Passwords,Firewall,56,25.90291853581648,2015-2019
France,2024,Phishing,Retail,98.95,354954,Nation-state,Social Engineering,AI-based Detection,14,278.7685164838261,2020-2024
Japan,2017,Sql Injection,Healthcare,54.26,839368,Insider,Unpatched Software,Antivirus,40,64.64387491541255,2015-2019
Australia,2018,Ddos,Healthcare,10.77,910081,Nation-state,Zero-day,VPN,28,11.834111469198895,2015-2019
Usa,2024,Phishing,IT,87.42,979700,Hacker Group,Weak Passwords,Firewall,49,89.23139736654078,2020-2024
China,2019,Man-In-The-Middle,Telecommunications,58.78,586131,Nation-state,Unpatched Software,Antivirus,68,100.28474863127867,2015-2019
Australia,2017,Phishing,Education,82.47,317988,Nation-state,Zero-day,Encryption,2,259.34940941167594,2015-2019
India,2018,Ransomware,Government,43.11,11241,Hacker Group,Weak Passwords,VPN,4,3835.068054443555,2015-2019
Brazil,2016,Phishing,Education,97.98,381599,Unknown,Weak Passwords,Encryption,66,256.7616791448615,2015-2019
Usa,2016,Sql Injection,Education,16.5,347293,Nation-state,Unpatched Software,Firewall,65,47.510315497289035,2015-2019
Uk,2023,Ransomware,IT,86.23,82321,Unknown,Zero-day,Firewall,47,1047.4848459080915,2020-2024
Germany,2023,Sql Injection,Retail,49.76,460558,Nation-state,Zero-day,VPN,61,108.04285236604294,2020-2024
Germany,2022,Man-In-The-Middle,Telecommunications,62.83,828280,Hacker Group,Social Engineering,VPN,62,75.85599072777322,2020-2024
India,2020,Malware,Education,20.14,287352,Unknown,Zero-day,Firewall,69,70.08825412734207,2020-2024
Australia,2020,Ransomware,Government,25.9,946651,Insider,Unpatched Software,VPN,67,27.359607711817766,2020-2024
Japan,2017,Phishing,Education,88.43,954423,Unknown,Unpatched Software,Firewall,6,92.65283841650924,2015-2019
Australia,2022,Ransomware,Banking,32.56,979382,Nation-state,Social Engineering,Antivirus,43,33.24545478679413,2020-2024
Brazil,2017,Ddos,Government,58.67,12372,Nation-state,Social Engineering,Encryption,29,4742.159715486582,2015-2019
Japan,2017,Phishing,IT,6.49,195044,Unknown,Unpatched Software,AI-based Detection,20,33.27454318000041,2015-2019
Japan,2019,Ransomware,Telecommunications,34.93,721984,Nation-state,Weak Passwords,VPN,44,48.38057353071536,2015-2019
Uk,2022,Ddos,Education,71.55,654253,Insider,Weak Passwords,VPN,35,109.36136326466978,2020-2024
Brazil,2015,Malware,Healthcare,23.01,686119,Insider,Weak Passwords,VPN,25,33.53645650390093,2015-2019
Australia,2017,Man-In-The-Middle,Healthcare,93.91,776634,Unknown,Weak Passwords,Encryption,33,120.91924896411952,2015-2019
India,2020,Ransomware,IT,41.09,698224,Insider,Unpatched Software,VPN,21,58.84930910424162,2020-2024
Germany,2023,Malware,Government,86.77,88821,Unknown,Zero-day,Antivirus,39,976.9086139539073,2020-2024
Russia,2022,Man-In-The-Middle,Banking,53.95,846546,Unknown,Unpatched Software,VPN,51,63.72955515707357,2020-2024
Brazil,2016,Man-In-The-Middle,Retail,14.04,117819,Nation-state,Zero-day,Antivirus,15,119.16583912611718,2015-2019
Russia,2021,Man-In-The-Middle,IT,70.97,465446,Unknown,Unpatched Software,Encryption,51,152.47740876492654,2020-2024
Brazil,2015,Malware,Healthcare,75.72,184554,Unknown,Zero-day,AI-based Detection,39,410.28642023472804,2015-2019
Usa,2022,Phishing,IT,48.71,520480,Insider,Weak Passwords,VPN,66,93.58668920996004,2020-2024
Brazil,2020,Malware,Government,50.61,294668,Nation-state,Social Engineering,Encryption,17,171.75261650399773,2020-2024
Usa,2017,Man-In-The-Middle,Healthcare,54.54,892665,Insider,Unpatched Software,VPN,31,61.097948278469524,2015-2019
Usa,2018,Ransomware,Healthcare,87.42,80926,Hacker Group,Unpatched Software,Antivirus,19,1080.2461508044387,2015-2019
Uk,2016,Ransomware,Education,80.77,884536,Insider,Zero-day,Encryption,34,91.31341177747429,2015-2019
Brazil,2015,Sql Injection,Healthcare,3.73,445422,Unknown,Unpatched Software,AI-based Detection,70,8.374081208382163,2015-2019
Russia,2020,Ransomware,Government,52.28,376628,Unknown,Zero-day,Firewall,30,138.8107097719766,2020-2024
Brazil,2016,Man-In-The-Middle,Banking,70.89,378949,Unknown,Weak Passwords,AI-based Detection,67,187.07002789293546,2015-2019
Japan,2023,Phishing,IT,35.27,26036,Hacker Group,Weak Passwords,VPN,71,1354.6627746197573,2020-2024
Usa,2020,Ddos,Government,40.98,191369,Insider,Unpatched Software,Firewall,65,214.14126634930423,2020-2024
India,2017,Phishing,IT,93.62,899005,Insider,Weak Passwords,AI-based Detection,61,104.13735185010094,2015-2019
France,2021,Man-In-The-Middle,Education,20.57,119348,Nation-state,Unpatched Software,Firewall,48,172.3531186111204,2020-2024
Japan,2017,Man-In-The-Middle,Telecommunications,21.8,610106,Unknown,Social Engineering,Encryption,39,35.731495838428074,2015-2019
Usa,2015,Sql Injection,Education,28.19,239853,Insider,Unpatched Software,Encryption,64,117.53032065473435,2015-2019
Germany,2015,Ransomware,Telecommunications,99.83,419344,Hacker Group,Zero-day,Firewall,59,238.06230684116144,2015-2019
Germany,2023,Sql Injection,Healthcare,45.85,428415,Hacker Group,Zero-day,Antivirus,69,107.02239650805878,2020-2024
France,2021,Malware,Banking,47.14,169113,Insider,Weak Passwords,VPN,55,278.74852909001675,2020-2024
Russia,2015,Phishing,Government,24.06,867302,Unknown,Social Engineering,Firewall,55,27.741202026514408,2015-2019
France,2020,Ddos,IT,63.87,821848,Insider,Unpatched Software,Firewall,60,77.71510060254451,2020-2024
Australia,2020,Malware,Government,35.96,982719,Unknown,Social Engineering,Encryption,26,36.59235244255988,2020-2024
Japan,2015,Ddos,Education,76.22,769794,Nation-state,Zero-day,AI-based Detection,29,99.01350231360598,2015-2019
Usa,2023,Phishing,IT,29.42,957199,Hacker Group,Social Engineering,AI-based Detection,49,30.73551058870726,2020-2024
Russia,2020,Ransomware,Education,65.73,431174,Unknown,Weak Passwords,Encryption,24,152.4442568429451,2020-2024
Uk,2015,Ransomware,Education,44.39,483598,Insider,Zero-day,Antivirus,29,91.79111576143822,2015-2019
Japan,2020,Malware,IT,80.49,661385,Hacker Group,Zero-day,Encryption,26,121.69916160783809,2020-2024
Uk,2018,Malware,Education,60.13,878362,Nation-state,Unpatched Software,Antivirus,57,68.45696876686378,2015-2019
Australia,2020,Man-In-The-Middle,Healthcare,56.14,401178,Hacker Group,Unpatched Software,Encryption,43,139.93788293475714,2020-2024
India,2018,Ransomware,Healthcare,11.57,144533,Unknown,Social Engineering,Encryption,67,80.05092262666658,2015-2019
Usa,2017,Ransomware,Government,89.9,828963,Unknown,Zero-day,Firewall,2,108.4487486172483,2015-2019
Russia,2018,Man-In-The-Middle,Government,63.82,554294,Unknown,Unpatched Software,AI-based Detection,42,115.13745413084031,2015-2019
Uk,2019,Man-In-The-Middle,Banking,22.94,844953,Unknown,Weak Passwords,Antivirus,53,27.149439081227005,2015-2019
Brazil,2020,Phishing,IT,94.02,581813,Unknown,Social Engineering,Encryption,20,161.59831423498616,2020-2024
Japan,2017,Malware,Banking,9.76,122728,Unknown,Zero-day,AI-based Detection,7,79.52545466397237,2015-2019
Japan,2020,Ddos,Education,39.33,267631,Hacker Group,Zero-day,AI-based Detection,12,146.95607011145944,2020-2024
France,2019,Sql Injection,Retail,3.87,755230,Insider,Weak Passwords,AI-based Detection,31,5.124266779656528,2015-2019
France,2018,Malware,Retail,80.37,339119,Unknown,Unpatched Software,Encryption,29,236.99645257269572,2015-2019
France,2015,Sql Injection,Government,14.72,540718,Insider,Zero-day,AI-based Detection,6,27.223062668525923,2015-2019
France,2024,Ddos,Government,85.88,546017,Unknown,Social Engineering,Encryption,14,157.28448015354834,2020-2024
India,2024,Sql Injection,Retail,48.83,96083,Unknown,Weak Passwords,Firewall,17,508.2064465097884,2020-2024
Australia,2019,Man-In-The-Middle,Retail,60.04,366318,Nation-state,Unpatched Software,VPN,35,163.90130979094667,2015-2019
China,2017,Malware,IT,86.98,510454,Nation-state,Zero-day,VPN,18,170.3973325706136,2015-2019
Germany,2023,Phishing,Government,12.62,68551,Nation-state,Weak Passwords,Firewall,55,184.09651208589224,2020-2024
Russia,2024,Ransomware,Healthcare,63.74,83374,Insider,Zero-day,VPN,45,764.5069206227361,2020-2024
Usa,2016,Man-In-The-Middle,Banking,20.44,981595,Nation-state,Weak Passwords,Encryption,56,20.82325195217987,2015-2019
France,2020,Phishing,Banking,13.38,934436,Unknown,Unpatched Software,Firewall,64,14.318797649063178,2020-2024
India,2020,Ransomware,Healthcare,79.48,461093,Hacker Group,Zero-day,Firewall,42,172.37303537464243,2020-2024
Japan,2019,Sql Injection,Retail,86.79,214195,Nation-state,Zero-day,Antivirus,54,405.1915310814912,2015-2019
Germany,2021,Sql Injection,Education,17.55,519698,Insider,Social Engineering,Encryption,30,33.76961235178892,2020-2024
Japan,2017,Man-In-The-Middle,Healthcare,16.71,393738,Nation-state,Zero-day,Antivirus,69,42.43938862898679,2015-2019
Usa,2015,Ddos,Government,41.75,327171,Unknown,Unpatched Software,VPN,41,127.60910960934801,2015-2019
Japan,2022,Ddos,Telecommunications,94.79,534069,Nation-state,Social Engineering,Antivirus,6,177.48642965609312,2020-2024
France,2022,Sql Injection,Government,68.53,812679,Nation-state,Zero-day,Encryption,67,84.32603770984608,2020-2024
Uk,2023,Malware,Education,23.86,552241,Hacker Group,Zero-day,Encryption,50,43.205774290572414,2020-2024
China,2020,Sql Injection,Banking,80.98,708357,Unknown,Weak Passwords,Antivirus,49,114.3208862198016,2020-2024
Usa,2018,Man-In-The-Middle,Government,51.41,491008,Hacker Group,Weak Passwords,Encryption,50,104.702978362878,2015-2019
Germany,2016,Phishing,Telecommunications,99.98,761576,Insider,Unpatched Software,Antivirus,9,131.2803974915176,2015-2019
India,2020,Ransomware,Government,12.64,10206,Hacker Group,Weak Passwords,Encryption,28,1238.4871644130903,2020-2024
Australia,2021,Sql Injection,Banking,92.66,49085,Hacker Group,Weak Passwords,VPN,32,1887.745747173271,2020-2024
Brazil,2017,Ddos,Government,18.69,131940,Nation-state,Weak Passwords,Antivirus,34,141.65529786266484,2015-2019
Uk,2021,Phishing,IT,68.5,396839,Hacker Group,Zero-day,Encryption,60,172.614082789242,2020-2024
Germany,2020,Ddos,Banking,76.53,46824,Hacker Group,Social Engineering,VPN,39,1634.4182470527935,2020-2024
Russia,2019,Ddos,IT,71.22,705326,Hacker Group,Unpatched Software,Encryption,19,100.97458480192138,2015-2019
India,2015,Malware,Telecommunications,4.52,252949,Insider,Unpatched Software,Firewall,51,17.869214742892837,2015-2019
Russia,2021,Phishing,Government,45.97,699825,Nation-state,Unpatched Software,Antivirus,60,65.6878505340621,2020-2024
Germany,2016,Man-In-The-Middle,Banking,3.57,882784,Insider,Weak Passwords,VPN,31,4.04402435929967,2015-2019
Australia,2022,Ddos,Education,92.06,721334,Insider,Social Engineering,VPN,31,127.62465099385305,2020-2024
Japan,2022,Malware,IT,71.15,840225,Unknown,Zero-day,Encryption,70,84.67969889017823,2020-2024
Uk,2024,Ransomware,Telecommunications,9.74,118118,Unknown,Social Engineering,VPN,17,82.45991296838754,2020-2024
Japan,2016,Phishing,Education,30.42,272199,Nation-state,Zero-day,Antivirus,29,111.75647228681957,2015-2019
Uk,2016,Ransomware,Retail,59.44,964115,Nation-state,Unpatched Software,Firewall,48,61.65239623903788,2015-2019
Brazil,2023,Man-In-The-Middle,Education,27.58,171936,Hacker Group,Weak Passwords,VPN,70,160.40852410199145,2020-2024
Japan,2022,Malware,Healthcare,73.26,841903,Unknown,Social Engineering,Firewall,7,87.01715043181935,2020-2024
Germany,2022,Man-In-The-Middle,Telecommunications,92.88,521871,Insider,Social Engineering,Encryption,6,177.97501681450012,2020-2024
Germany,2024,Malware,Government,46.25,578427,Hacker Group,Weak Passwords,Encryption,16,79.95823154866561,2020-2024
France,2015,Ddos,Banking,51.64,538890,Nation-state,Zero-day,Antivirus,59,95.8266065430793,2015-2019
Brazil,2022,Ddos,Telecommunications,79.5,789067,Hacker Group,Unpatched Software,Firewall,63,100.7519006624279,2020-2024
Uk,2022,Ddos,IT,93.96,446331,Nation-state,Unpatched Software,AI-based Detection,17,210.5164104666716,2020-2024
France,2024,Ransomware,Government,52.85,927623,Nation-state,Weak Passwords,Firewall,29,56.97357654995618,2020-2024
Germany,2017,Ddos,Telecommunications,84.38,724629,Insider,Unpatched Software,AI-based Detection,18,116.44579502062435,2015-2019
France,2023,Ransomware,Education,54.26,21699,Insider,Weak Passwords,AI-based Detection,32,2500.5760634130606,2020-2024
Germany,2017,Sql Injection,Healthcare,12.56,135042,Nation-state,Weak Passwords,Antivirus,13,93.00810118333555,2015-2019
China,2020,Malware,IT,95.17,884741,Nation-state,Zero-day,Antivirus,30,107.56820357596177,2020-2024
Australia,2023,Ddos,IT,99.62,285609,Unknown,Weak Passwords,Firewall,46,348.7985322591375,2020-2024
Uk,2021,Ransomware,Government,97.5,755692,Nation-state,Social Engineering,AI-based Detection,46,129.02081800521907,2020-2024
India,2023,Sql Injection,Telecommunications,80.14,241449,Unknown,Unpatched Software,Antivirus,27,331.91274347791875,2020-2024
Japan,2017,Ddos,IT,31.5,951607,Unknown,Zero-day,AI-based Detection,58,33.101900259245674,2015-2019
Japan,2018,Phishing,Government,32.93,774050,Hacker Group,Social Engineering,Firewall,40,42.542471416575154,2015-2019
Brazil,2018,Malware,Retail,83.42,538552,Hacker Group,Weak Passwords,AI-based Detection,65,154.8968344746654,2015-2019
Australia,2021,Ddos,Retail,20.39,342951,Nation-state,Zero-day,Antivirus,72,59.45455764817714,2020-2024
China,2023,Ddos,Healthcare,92.58,974261,Hacker Group,Social Engineering,Firewall,20,95.02587089085984,2020-2024
Brazil,2019,Sql Injection,Healthcare,91.03,86583,Unknown,Social Engineering,Firewall,47,1051.361121698255,2015-2019
Russia,2016,Ddos,Healthcare,90.94,326955,Nation-state,Zero-day,VPN,21,278.1422519918643,2015-2019
Japan,2017,Ddos,Healthcare,54.41,344772,Hacker Group,Unpatched Software,AI-based Detection,5,157.81443968767766,2015-2019
Russia,2015,Man-In-The-Middle,IT,30.93,568075,Unknown,Weak Passwords,Encryption,22,54.44703604277604,2015-2019
China,2024,Ransomware,Government,24.43,693509,Nation-state,Unpatched Software,Firewall,70,35.226651708917984,2020-2024
India,2018,Malware,Government,25.53,505404,Insider,Zero-day,AI-based Detection,30,50.514044210176415,2015-2019
Germany,2024,Malware,IT,51.66,570159,Hacker Group,Unpatched Software,Antivirus,18,90.60630455714984,2020-2024
India,2020,Ddos,Telecommunications,18.18,208313,Hacker Group,Weak Passwords,Encryption,5,87.27251779773705,2020-2024
Japan,2018,Phishing,Retail,2.73,916272,Nation-state,Zero-day,Antivirus,32,2.9794646131279796,2015-2019
France,2015,Phishing,Banking,83.27,288526,Hacker Group,Unpatched Software,Encryption,66,288.60483977180564,2015-2019
Australia,2022,Malware,Government,54.17,892175,Insider,Zero-day,VPN,18,60.71678762574607,2020-2024
France,2021,Ransomware,Retail,76.83,189999,Hacker Group,Social Engineering,VPN,57,404.3705493186806,2020-2024
Uk,2023,Sql Injection,Telecommunications,78.9,716114,Insider,Weak Passwords,Firewall,63,110.17798842083802,2020-2024
France,2018,Ransomware,Education,32.5,414904,Nation-state,Unpatched Software,VPN,53,78.33137304051057,2015-2019
Germany,2019,Sql Injection,Banking,77.65,989592,Insider,Weak Passwords,Antivirus,49,78.46668121811817,2015-2019
Australia,2015,Phishing,Government,60.68,389782,Insider,Social Engineering,Firewall,45,155.67676290849758,2015-2019
Germany,2016,Malware,Healthcare,67.85,552427,Hacker Group,Zero-day,Encryption,58,122.82165788420913,2015-2019
Russia,2022,Ransomware,Retail,44.25,933418,Nation-state,Zero-day,Antivirus,15,47.4064138467439,2020-2024
India,2016,Man-In-The-Middle,Telecommunications,42.88,934333,Insider,Unpatched Software,Firewall,60,45.89370171020396,2015-2019
Russia,2018,Malware,Telecommunications,65.81,213558,Unknown,Unpatched Software,Antivirus,37,308.15984416411465,2015-2019
Russia,2024,Ddos,Telecommunications,41.37,271388,Nation-state,Unpatched Software,Encryption,36,152.43857502910961,2020-2024
Brazil,2024,Ddos,Government,88.79,482307,Hacker Group,Zero-day,Firewall,62,184.09436313385459,2020-2024
Uk,2020,Man-In-The-Middle,Telecommunications,59.32,848419,Insider,Unpatched Software,VPN,27,69.91828330105761,2020-2024
Brazil,2019,Ddos,Government,54.7,615305,Insider,Zero-day,Antivirus,6,88.89900130829426,2015-2019
Uk,2021,Ddos,Telecommunications,57.75,829827,Nation-state,Weak Passwords,Antivirus,48,69.59281874414788,2020-2024
China,2022,Man-In-The-Middle,Education,60.55,699194,Nation-state,Social Engineering,Encryption,45,86.59971338426817,2020-2024
France,2022,Malware,IT,6.51,82276,Insider,Zero-day,Firewall,26,79.12392435218047,2020-2024
Russia,2024,Phishing,IT,47.56,234055,Unknown,Weak Passwords,VPN,64,203.20010254000127,2020-2024
India,2019,Phishing,IT,52.47,880546,Nation-state,Zero-day,VPN,39,59.58802833696366,2015-2019
China,2020,Phishing,Education,54.76,183678,Insider,Zero-day,AI-based Detection,59,298.1304238939884,2020-2024
China,2023,Ddos,Education,42.64,720850,Unknown,Social Engineering,VPN,17,59.15238954012624,2020-2024
Germany,2023,Phishing,Banking,39.53,339645,Unknown,Weak Passwords,AI-based Detection,2,116.38622679562485,2020-2024
Japan,2017,Ddos,Telecommunications,73.27,368351,Nation-state,Zero-day,Antivirus,48,198.91353627382577,2015-2019
Australia,2024,Ddos,Banking,88.79,810930,Insider,Weak Passwords,AI-based Detection,30,109.49157140567003,2020-2024
France,2019,Ddos,IT,13.99,966010,Unknown,Weak Passwords,Encryption,20,14.482251736524466,2015-2019
Japan,2015,Man-In-The-Middle,Telecommunications,79.88,104759,Hacker Group,Zero-day,AI-based Detection,12,762.512051470518,2015-2019
France,2017,Phishing,Banking,77.41,654122,Nation-state,Social Engineering,AI-based Detection,68,118.34183837265832,2015-2019
India,2020,Sql Injection,Telecommunications,87.44,731625,Nation-state,Zero-day,Antivirus,33,119.51477874594225,2020-2024
France,2020,Ransomware,Education,47.32,848222,Insider,Unpatched Software,VPN,16,55.78728210303435,2020-2024
India,2017,Man-In-The-Middle,Telecommunications,32.4,437554,Insider,Weak Passwords,Firewall,19,74.04800321788854,2015-2019
India,2023,Phishing,Retail,53.07,589348,Hacker Group,Social Engineering,Antivirus,4,90.04866394727733,2020-2024
Brazil,2024,Ransomware,Retail,68.95,322146,Hacker Group,Social Engineering,Encryption,70,214.03338858778318,2020-2024
India,2020,Sql Injection,Government,42.81,432917,Hacker Group,Unpatched Software,AI-based Detection,53,98.88731558243266,2020-2024
Uk,2022,Ddos,IT,53.91,64163,Unknown,Weak Passwords,AI-based Detection,7,840.2038558047473,2020-2024
France,2021,Phishing,Retail,45.67,95873,Unknown,Unpatched Software,Antivirus,50,476.35935039062093,2020-2024
Germany,2020,Sql Injection,Healthcare,62.61,205015,Nation-state,Unpatched Software,AI-based Detection,57,305.3922883691437,2020-2024
Germany,2020,Sql Injection,Telecommunications,27.52,488501,Nation-state,Social Engineering,Encryption,47,56.33560627306802,2020-2024
Usa,2020,Ransomware,Retail,16.33,850758,Insider,Unpatched Software,Firewall,9,19.19464759661384,2020-2024
Brazil,2019,Sql Injection,Healthcare,67.42,703282,Insider,Weak Passwords,Encryption,2,95.86481667382358,2015-2019
Germany,2015,Sql Injection,Government,87.71,1579,Unknown,Unpatched Software,Antivirus,55,55547.815072830905,2015-2019
Germany,2023,Ddos,IT,93.72,828721,Insider,Weak Passwords,Encryption,21,113.08993014536858,2020-2024
Germany,2017,Malware,Government,67.79,239402,Hacker Group,Zero-day,VPN,17,283.16388334266213,2015-2019
Russia,2024,Ddos,Education,54.4,891298,Insider,Social Engineering,AI-based Detection,60,61.03458102677219,2020-2024
Australia,2024,Man-In-The-Middle,Education,86.52,915463,Insider,Weak Passwords,Antivirus,2,94.509554181873,2020-2024
India,2018,Malware,Education,99.09,395264,Unknown,Weak Passwords,Antivirus,5,250.69320757772022,2015-2019
China,2015,Man-In-The-Middle,Healthcare,66.13,946668,Hacker Group,Unpatched Software,Encryption,67,69.85553541473884,2015-2019
Usa,2023,Malware,IT,52.54,201017,Insider,Unpatched Software,Encryption,17,261.37092882691513,2020-2024
Germany,2022,Sql Injection,IT,48.0,876383,Insider,Zero-day,Encryption,72,54.770574052668756,2020-2024
Australia,2022,Ransomware,Government,10.84,564944,Insider,Social Engineering,Antivirus,58,19.187742501911693,2020-2024
Russia,2023,Malware,IT,6.35,259573,Nation-state,Zero-day,Firewall,68,24.46325311184137,2020-2024
Japan,2020,Ddos,Education,99.83,10859,Nation-state,Social Engineering,AI-based Detection,66,9193.295883598857,2020-2024
Russia,2020,Ddos,Government,41.45,496378,Insider,Unpatched Software,AI-based Detection,42,83.50490956488805,2020-2024
Uk,2019,Man-In-The-Middle,Education,29.92,937987,Hacker Group,Weak Passwords,VPN,45,31.89809666871716,2015-2019
India,2023,Ransomware,Education,9.32,182887,Hacker Group,Unpatched Software,Firewall,51,50.96042911743317,2020-2024
France,2017,Man-In-The-Middle,Healthcare,34.43,927694,Insider,Social Engineering,VPN,43,37.113530970341515,2015-2019
Brazil,2021,Man-In-The-Middle,Banking,81.68,893986,Insider,Unpatched Software,Firewall,47,91.36608403263585,2020-2024
Usa,2018,Phishing,Retail,36.85,852789,Hacker Group,Social Engineering,VPN,4,43.21115774241929,2015-2019
Brazil,2024,Man-In-The-Middle,Healthcare,26.92,695427,Nation-state,Zero-day,Encryption,28,38.710029952820356,2020-2024
India,2019,Ddos,Banking,35.31,961173,Insider,Social Engineering,VPN,37,36.73636275675659,2015-2019
China,2018,Man-In-The-Middle,Healthcare,11.74,430760,Nation-state,Unpatched Software,Firewall,63,27.254155446188133,2015-2019
Germany,2016,Ransomware,Telecommunications,93.93,198764,Insider,Zero-day,Encryption,40,472.57048560101424,2015-2019
Brazil,2021,Malware,Banking,34.68,786462,Unknown,Weak Passwords,Firewall,17,44.09621825339304,2020-2024
India,2020,Malware,IT,84.43,999542,Hacker Group,Social Engineering,Encryption,15,84.46868665848959,2020-2024
Australia,2022,Malware,Government,24.6,221315,Nation-state,Unpatched Software,VPN,53,111.15378532860403,2020-2024
Brazil,2018,Sql Injection,Education,52.7,861075,Hacker Group,Social Engineering,Encryption,7,61.202566559242804,2015-2019
Japan,2022,Phishing,Telecommunications,33.54,55209,Nation-state,Unpatched Software,VPN,11,607.5096451665489,2020-2024
India,2018,Phishing,Education,43.54,76479,Insider,Zero-day,Firewall,4,569.3066070424561,2015-2019
Japan,2016,Sql Injection,Telecommunications,37.17,728731,Unknown,Weak Passwords,VPN,72,51.00647564053128,2015-2019
Japan,2017,Sql Injection,Education,36.37,161579,Nation-state,Zero-day,Firewall,15,225.09113189213946,2015-2019
Germany,2019,Sql Injection,Government,56.53,362642,Unknown,Social Engineering,Encryption,19,155.88376415307658,2015-2019
Brazil,2017,Ddos,Education,29.76,913276,Insider,Social Engineering,Encryption,57,32.58598714955829,2015-2019
Brazil,2019,Phishing,Government,70.6,817268,Nation-state,Zero-day,VPN,1,86.38537175075984,2015-2019
Uk,2021,Sql Injection,IT,80.05,682480,Hacker Group,Zero-day,AI-based Detection,14,117.29281444144884,2020-2024
Usa,2024,Ddos,Telecommunications,15.53,298385,Hacker Group,Unpatched Software,AI-based Detection,11,52.046852221123714,2020-2024
China,2020,Ddos,Healthcare,6.32,682445,Nation-state,Social Engineering,Firewall,20,9.260819553224069,2020-2024
India,2021,Sql Injection,Government,18.26,78277,Hacker Group,Weak Passwords,Firewall,51,233.27414182965623,2020-2024
India,2023,Man-In-The-Middle,IT,90.85,985267,Hacker Group,Unpatched Software,Firewall,48,92.20850794759187,2020-2024
Japan,2016,Man-In-The-Middle,Healthcare,2.59,603982,Hacker Group,Social Engineering,Firewall,18,4.288207264454901,2015-2019
Japan,2021,Ddos,Banking,74.26,81354,Insider,Weak Passwords,Firewall,6,912.8008456867517,2020-2024
France,2021,Phishing,Education,78.99,542754,Insider,Zero-day,VPN,42,145.53554649067533,2020-2024
Australia,2020,Phishing,Education,85.79,905386,Hacker Group,Zero-day,Firewall,17,94.75516520025712,2020-2024
Uk,2021,Phishing,Banking,88.38,281387,Hacker Group,Social Engineering,Firewall,55,314.08700473014034,2020-2024
France,2015,Malware,Banking,30.15,205850,Insider,Unpatched Software,Firewall,72,146.46587320864708,2015-2019
Germany,2024,Malware,Telecommunications,70.44,998028,Hacker Group,Unpatched Software,Encryption,59,70.57918214719427,2020-2024
China,2015,Malware,IT,20.63,780527,Hacker Group,Zero-day,Antivirus,68,26.430860175240575,2015-2019
Usa,2020,Ransomware,Telecommunications,56.37,667436,Insider,Social Engineering,AI-based Detection,11,84.45753600345202,2020-2024
Japan,2022,Ransomware,Retail,71.26,440529,Insider,Weak Passwords,Encryption,20,161.76006573914543,2020-2024
China,2023,Man-In-The-Middle,Banking,3.47,194670,Nation-state,Social Engineering,Firewall,29,17.82503724251297,2020-2024
Usa,2023,Ddos,Banking,53.59,750875,Nation-state,Weak Passwords,Encryption,30,71.370068253704,2020-2024
China,2020,Phishing,Retail,75.95,970373,Unknown,Social Engineering,AI-based Detection,58,78.26887186679761,2020-2024
France,2024,Phishing,Retail,44.98,827399,Nation-state,Weak Passwords,AI-based Detection,25,54.36313072652976,2020-2024
Uk,2018,Man-In-The-Middle,Education,81.01,416149,Insider,Unpatched Software,Antivirus,56,194.6658528555878,2015-2019
Germany,2015,Ransomware,IT,51.11,506625,Insider,Weak Passwords,VPN,41,100.88329632371084,2015-2019
Usa,2018,Phishing,Government,38.83,333027,Hacker Group,Zero-day,VPN,19,116.59715278340795,2015-2019
Usa,2021,Sql Injection,Telecommunications,89.93,982269,Insider,Unpatched Software,Antivirus,51,91.55333213203308,2020-2024
Brazil,2024,Malware,Government,78.97,724903,Unknown,Weak Passwords,Encryption,53,108.93871317955644,2020-2024
Russia,2024,Ddos,Education,26.82,156823,Hacker Group,Social Engineering,VPN,1,171.02083240341022,2020-2024
China,2017,Ddos,Education,56.73,244753,Insider,Zero-day,VPN,45,231.784697225366,2015-2019
Russia,2022,Malware,Retail,71.15,258554,Unknown,Social Engineering,AI-based Detection,72,275.1842941899951,2020-2024
Australia,2020,Ransomware,Telecommunications,97.9,139407,Insider,Unpatched Software,Antivirus,41,702.260288220821,2020-2024
France,2023,Phishing,Education,5.8,206203,Hacker Group,Social Engineering,Encryption,7,28.127621809576,2020-2024
Uk,2016,Sql Injection,Government,69.55,55635,Unknown,Weak Passwords,Encryption,13,1250.1123393547227,2015-2019
Germany,2021,Ransomware,Education,11.42,55683,Hacker Group,Unpatched Software,AI-based Detection,19,205.08952463049764,2020-2024
India,2023,Phishing,Banking,87.62,210006,Nation-state,Social Engineering,VPN,27,417.2261744902527,2020-2024
Russia,2015,Man-In-The-Middle,Education,98.58,816455,Unknown,Unpatched Software,AI-based Detection,40,120.74149830670399,2015-2019
Uk,2020,Sql Injection,IT,87.48,53147,Nation-state,Social Engineering,Antivirus,9,1646.0007149980243,2020-2024
Uk,2018,Sql Injection,Telecommunications,80.96,583514,Hacker Group,Zero-day,VPN,54,138.7455999341918,2015-2019
Uk,2022,Ransomware,Government,85.43,688150,Unknown,Weak Passwords,Firewall,58,124.14444525176197,2020-2024
Japan,2023,Phishing,Government,3.54,809443,Insider,Weak Passwords,VPN,59,4.373377742472293,2020-2024
Japan,2024,Malware,Government,34.03,78149,Nation-state,Weak Passwords,Encryption,30,435.4502296894394,2020-2024
Australia,2018,Ddos,Banking,64.29,113775,Insider,Weak Passwords,AI-based Detection,14,565.062623599209,2015-2019
India,2021,Ransomware,Banking,54.97,798498,Nation-state,Zero-day,VPN,54,68.84175038635037,2020-2024
Brazil,2016,Phishing,Education,97.45,267789,Insider,Weak Passwords,Encryption,26,363.905910997091,2015-2019
Uk,2023,Sql Injection,Telecommunications,30.19,833840,Insider,Unpatched Software,Antivirus,6,36.20598676004989,2020-2024
Usa,2018,Ddos,Banking,6.61,646433,Insider,Social Engineering,Firewall,37,10.2253443125583,2015-2019
Brazil,2017,Man-In-The-Middle,Government,68.03,403770,Hacker Group,Weak Passwords,Encryption,22,168.48700993139659,2015-2019
Germany,2018,Sql Injection,Retail,75.63,814701,Hacker Group,Social Engineering,Antivirus,63,92.83160325076317,2015-2019
China,2019,Ransomware,IT,72.29,666683,Hacker Group,Zero-day,Encryption,34,108.43234340758652,2015-2019
Germany,2016,Ddos,Banking,44.17,236438,Hacker Group,Weak Passwords,Antivirus,24,186.81430226951673,2015-2019
Russia,2020,Ddos,Education,60.94,798113,Insider,Social Engineering,Antivirus,23,76.35510259825364,2020-2024
Germany,2021,Malware,Healthcare,23.34,518982,Hacker Group,Weak Passwords,VPN,20,44.972658011260506,2020-2024
Germany,2015,Ddos,IT,76.99,252225,Unknown,Unpatched Software,Antivirus,67,305.24333432451186,2015-2019
Usa,2017,Sql Injection,Government,60.66,5346,Unknown,Zero-day,Antivirus,69,11346.801346801347,2015-2019
China,2017,Ddos,Retail,19.36,4814,Unknown,Social Engineering,AI-based Detection,42,4021.6036560033235,2015-2019
Brazil,2021,Sql Injection,Banking,50.61,772512,Hacker Group,Weak Passwords,Encryption,42,65.51354542065366,2020-2024
Australia,2023,Phishing,Education,81.81,16360,Nation-state,Unpatched Software,AI-based Detection,37,5000.611246943765,2020-2024
India,2024,Phishing,Telecommunications,38.68,224143,Nation-state,Social Engineering,Antivirus,60,172.56840499145633,2020-2024
Russia,2023,Sql Injection,IT,52.35,743325,Insider,Weak Passwords,VPN,9,70.42679850670972,2020-2024
France,2019,Phishing,Education,81.47,597542,Unknown,Weak Passwords,VPN,11,136.3418805707381,2015-2019
Russia,2024,Malware,Education,55.15,913591,Hacker Group,Zero-day,AI-based Detection,51,60.36618136562203,2020-2024
Japan,2023,Sql Injection,IT,8.24,183702,Nation-state,Zero-day,VPN,57,44.85525470599122,2020-2024
China,2024,Ransomware,Healthcare,42.26,685837,Insider,Social Engineering,VPN,68,61.61813958710306,2020-2024
India,2015,Phishing,Healthcare,28.6,690500,Hacker Group,Weak Passwords,Encryption,11,41.41926140477914,2015-2019
India,2016,Sql Injection,Banking,4.31,520308,Insider,Zero-day,VPN,39,8.283555125041321,2015-2019
India,2020,Phishing,Education,17.43,84643,Nation-state,Unpatched Software,Antivirus,53,205.92370308235766,2020-2024
France,2023,Malware,Healthcare,85.28,762282,Hacker Group,Social Engineering,Firewall,11,111.87460808467208,2020-2024
France,2022,Malware,Education,70.46,427144,Unknown,Social Engineering,Firewall,42,164.9560803850692,2020-2024
Russia,2018,Man-In-The-Middle,Banking,86.87,800683,Nation-state,Unpatched Software,Firewall,57,108.4948725026009,2015-2019
Japan,2024,Man-In-The-Middle,Education,46.39,662101,Insider,Social Engineering,VPN,7,70.06483905023553,2020-2024
Australia,2016,Malware,IT,30.72,977343,Hacker Group,Weak Passwords,VPN,47,31.432158413167127,2015-2019
India,2021,Ransomware,Education,86.73,534013,Unknown,Unpatched Software,Firewall,49,162.4117764923326,2020-2024
China,2024,Sql Injection,Education,18.45,947933,Insider,Social Engineering,Antivirus,10,19.463400894367005,2020-2024
Australia,2017,Malware,Retail,9.25,692167,Unknown,Weak Passwords,Encryption,70,13.363826937718787,2015-2019
Japan,2023,Malware,IT,23.16,320277,Unknown,Weak Passwords,Encryption,69,72.31240457478995,2020-2024
Japan,2017,Ransomware,Retail,49.75,163062,Unknown,Unpatched Software,AI-based Detection,43,305.09867412395283,2015-2019
Australia,2017,Malware,Banking,25.76,801821,Unknown,Weak Passwords,AI-based Detection,18,32.12687120940958,2015-2019
China,2016,Ransomware,Government,72.25,860664,Unknown,Zero-day,Firewall,10,83.94681315821273,2015-2019
Japan,2018,Man-In-The-Middle,Education,20.85,511823,Insider,Zero-day,AI-based Detection,43,40.736739067998116,2015-2019
Germany,2024,Man-In-The-Middle,IT,93.13,952299,Unknown,Weak Passwords,VPN,33,97.79491525245747,2020-2024
India,2018,Phishing,Education,5.27,982450,Unknown,Weak Passwords,Firewall,32,5.364140668736322,2015-2019
Australia,2024,Ddos,Retail,28.16,411083,Unknown,Weak Passwords,Firewall,30,68.50198135169784,2020-2024
Usa,2019,Man-In-The-Middle,Government,17.59,43140,Insider,Social Engineering,AI-based Detection,28,407.74223458507186,2015-2019
Uk,2018,Malware,Education,51.59,935465,Nation-state,Weak Passwords,AI-based Detection,28,55.14904352380901,2015-2019
Germany,2018,Ddos,Banking,81.34,52799,Insider,Zero-day,AI-based Detection,38,1540.5594802931873,2015-2019
China,2020,Sql Injection,Telecommunications,70.02,688312,Nation-state,Unpatched Software,VPN,48,101.72712374620812,2020-2024
France,2024,Phishing,Government,5.18,219162,Hacker Group,Unpatched Software,Encryption,23,23.63548425365711,2020-2024
Uk,2017,Man-In-The-Middle,Telecommunications,60.01,740448,Hacker Group,Weak Passwords,Encryption,26,81.04552919313713,2015-2019
France,2016,Ransomware,Banking,62.73,596776,Nation-state,Zero-day,Firewall,17,105.11481694974329,2015-2019
Australia,2022,Sql Injection,Telecommunications,56.2,571454,Insider,Weak Passwords,VPN,42,98.34562361974892,2020-2024
Russia,2020,Ddos,Government,72.59,787260,Insider,Weak Passwords,Firewall,15,92.20587861697533,2020-2024
Uk,2018,Malware,Healthcare,19.79,805745,Insider,Weak Passwords,Firewall,7,24.56112045374157,2015-2019
Russia,2020,Sql Injection,Telecommunications,35.02,377194,Unknown,Weak Passwords,Firewall,50,92.84347046877734,2020-2024
China,2023,Malware,Education,37.07,417554,Insider,Unpatched Software,Antivirus,35,88.77893637709134,2020-2024
China,2019,Sql Injection,Government,65.85,252025,Hacker Group,Zero-day,Encryption,60,261.2836028171808,2015-2019
India,2015,Ransomware,Education,96.03,898251,Hacker Group,Weak Passwords,Antivirus,70,106.90775740856398,2015-2019
Brazil,2015,Man-In-The-Middle,Banking,74.27,551388,Unknown,Unpatched Software,Encryption,51,134.69643880534215,2015-2019
India,2017,Ddos,Banking,45.98,538245,Hacker Group,Weak Passwords,AI-based Detection,18,85.42578193945137,2015-2019
India,2021,Malware,Telecommunications,50.97,838461,Nation-state,Zero-day,AI-based Detection,6,60.789947296296425,2020-2024
Brazil,2020,Sql Injection,Banking,68.05,912770,Unknown,Zero-day,AI-based Detection,67,74.55328286424839,2020-2024
India,2021,Ddos,Education,95.95,62194,Nation-state,Zero-day,AI-based Detection,12,1542.7533202559732,2020-2024
Uk,2023,Man-In-The-Middle,Banking,15.01,416522,Insider,Social Engineering,VPN,63,36.03651187692367,2020-2024
Uk,2021,Ddos,IT,70.49,530341,Insider,Social Engineering,VPN,40,132.91448332299407,2020-2024
Japan,2022,Ransomware,IT,73.1,346939,Insider,Weak Passwords,VPN,21,210.6998636647941,2020-2024
Russia,2021,Phishing,Banking,78.45,56333,Unknown,Social Engineering,VPN,8,1392.6117906023112,2020-2024
Germany,2018,Ransomware,IT,27.51,644913,Unknown,Weak Passwords,VPN,32,42.656916514320535,2015-2019
Japan,2017,Sql Injection,Banking,18.01,295917,Unknown,Weak Passwords,VPN,57,60.86166053319005,2015-2019
India,2020,Malware,Healthcare,20.62,54206,Insider,Unpatched Software,VPN,51,380.40069365014944,2020-2024
India,2018,Ddos,Telecommunications,47.5,423071,Unknown,Unpatched Software,Antivirus,69,112.27429911291485,2015-2019
Australia,2021,Man-In-The-Middle,Healthcare,17.62,687020,Unknown,Weak Passwords,Antivirus,48,25.6469971762103,2020-2024
Usa,2020,Ransomware,Education,77.09,550317,Insider,Weak Passwords,Encryption,63,140.08289767533984,2020-2024
Germany,2021,Phishing,Banking,48.0,170032,Nation-state,Social Engineering,Encryption,24,282.2998023901383,2020-2024
China,2020,Sql Injection,Healthcare,11.55,388591,Unknown,Zero-day,Antivirus,68,29.72276764001225,2020-2024
India,2023,Ddos,Healthcare,2.27,438318,Hacker Group,Unpatched Software,AI-based Detection,39,5.178888386970191,2020-2024
India,2018,Ddos,Education,1.71,63389,Insider,Unpatched Software,VPN,20,26.9762892615438,2015-2019
Usa,2015,Man-In-The-Middle,Retail,95.66,377602,Nation-state,Zero-day,Firewall,15,253.33552258727443,2015-2019
France,2021,Sql Injection,Government,42.75,467551,Unknown,Unpatched Software,Encryption,61,91.43387566276192,2020-2024
Uk,2022,Malware,Telecommunications,38.76,361529,Nation-state,Social Engineering,Firewall,67,107.21131638125848,2020-2024
Australia,2019,Man-In-The-Middle,Retail,15.21,677755,Hacker Group,Social Engineering,Firewall,52,22.441737796106263,2015-2019
Uk,2022,Man-In-The-Middle,IT,66.25,303838,Nation-state,Zero-day,AI-based Detection,56,218.04382598621635,2020-2024
India,2016,Ransomware,Banking,93.74,339815,Insider,Weak Passwords,Firewall,58,275.85598045995613,2015-2019
Russia,2020,Ransomware,Banking,13.66,820140,Insider,Social Engineering,VPN,63,16.655692930475286,2020-2024
Russia,2015,Ransomware,IT,49.3,879875,Insider,Zero-day,Encryption,61,56.03068617701378,2015-2019
Brazil,2022,Man-In-The-Middle,Healthcare,40.94,987320,Unknown,Zero-day,AI-based Detection,44,41.465786168618074,2020-2024
Japan,2023,Sql Injection,Government,13.51,772948,Unknown,Zero-day,VPN,43,17.47853671915834,2020-2024
Brazil,2015,Phishing,Healthcare,84.83,794914,Insider,Social Engineering,Firewall,34,106.7159466307047,2015-2019
Brazil,2019,Ddos,Telecommunications,36.98,198563,Hacker Group,Social Engineering,Firewall,24,186.23812089865686,2015-2019
Germany,2022,Ddos,Retail,21.45,32346,Nation-state,Unpatched Software,AI-based Detection,38,663.1422741606381,2020-2024
China,2015,Phishing,Banking,18.39,541829,Nation-state,Zero-day,Antivirus,33,33.940597494781564,2015-2019
Russia,2024,Phishing,Telecommunications,21.22,446028,Hacker Group,Weak Passwords,VPN,37,47.575488534352104,2020-2024
France,2022,Malware,Education,13.06,759625,Insider,Social Engineering,Encryption,14,17.192693763370084,2020-2024
Brazil,2017,Phishing,Retail,3.18,520654,Nation-state,Social Engineering,VPN,53,6.10770300429844,2015-2019
Usa,2023,Ddos,IT,99.64,248383,Insider,Social Engineering,Firewall,55,401.15466839518,2020-2024
China,2017,Man-In-The-Middle,Banking,62.39,855974,Unknown,Social Engineering,VPN,44,72.88772789827729,2015-2019
China,2020,Malware,Government,84.23,50842,Insider,Zero-day,AI-based Detection,59,1656.7011525903781,2020-2024
Germany,2015,Man-In-The-Middle,Education,81.5,697275,Nation-state,Weak Passwords,Encryption,59,116.88358251765803,2015-2019
Germany,2022,Man-In-The-Middle,Telecommunications,0.54,419912,Nation-state,Zero-day,AI-based Detection,40,1.285983729924365,2020-2024
Japan,2023,Man-In-The-Middle,Banking,65.8,193620,Nation-state,Zero-day,VPN,67,339.8409255242227,2020-2024
China,2024,Sql Injection,Banking,58.32,777684,Unknown,Zero-day,VPN,31,74.99189902325367,2020-2024
Uk,2018,Malware,Healthcare,27.61,375245,Hacker Group,Social Engineering,Firewall,20,73.57859531772576,2015-2019
China,2023,Man-In-The-Middle,IT,22.96,656090,Insider,Unpatched Software,Encryption,27,34.99519882942889,2020-2024
Australia,2016,Man-In-The-Middle,IT,80.27,653967,Unknown,Unpatched Software,Encryption,21,122.74319652214866,2015-2019
India,2022,Sql Injection,Education,0.83,977791,Unknown,Weak Passwords,Antivirus,15,0.8488521575674147,2020-2024
Uk,2023,Ddos,Telecommunications,81.91,397687,Hacker Group,Social Engineering,VPN,65,205.9659983856651,2020-2024
France,2017,Malware,Banking,40.87,719537,Nation-state,Zero-day,AI-based Detection,23,56.80041471112674,2015-2019
Brazil,2017,Ddos,Telecommunications,34.79,724790,Hacker Group,Unpatched Software,Firewall,64,48.000110376798794,2015-2019
France,2016,Phishing,IT,33.33,51723,Hacker Group,Weak Passwords,Encryption,23,644.3941766718867,2015-2019
India,2023,Ransomware,Healthcare,18.26,312340,Nation-state,Zero-day,VPN,35,58.461932509444836,2020-2024
India,2016,Man-In-The-Middle,Banking,15.28,995025,Unknown,Weak Passwords,AI-based Detection,52,15.35639808045024,2015-2019
France,2024,Sql Injection,Telecommunications,48.77,336356,Hacker Group,Unpatched Software,Encryption,2,144.99518367444017,2020-2024
France,2017,Ransomware,Retail,48.93,886212,Unknown,Weak Passwords,Encryption,67,55.21252251154351,2015-2019
Japan,2016,Ransomware,Healthcare,37.23,209358,Nation-state,Social Engineering,Firewall,25,177.82936405582782,2015-2019
Russia,2022,Ddos,Education,69.24,495616,Nation-state,Unpatched Software,Antivirus,38,139.70493285123968,2020-2024
China,2021,Sql Injection,Government,55.55,224311,Insider,Zero-day,Firewall,57,247.6472397697839,2020-2024
Japan,2022,Ddos,IT,51.95,65516,Insider,Weak Passwords,Firewall,37,792.9360766835582,2020-2024
Germany,2024,Ransomware,Government,40.36,301972,Unknown,Weak Passwords,VPN,33,133.6547759394911,2020-2024
Germany,2015,Phishing,Telecommunications,47.04,124250,Insider,Zero-day,AI-based Detection,64,378.59154929577466,2015-2019
Usa,2018,Man-In-The-Middle,Healthcare,22.61,733934,Nation-state,Zero-day,Firewall,31,30.806584788277966,2015-2019
Brazil,2022,Malware,IT,19.26,377446,Unknown,Zero-day,AI-based Detection,12,51.027166800019074,2020-2024
China,2021,Sql Injection,IT,98.57,430792,Insider,Weak Passwords,Antivirus,9,228.81111998365802,2020-2024
Uk,2015,Malware,IT,96.79,825881,Unknown,Zero-day,AI-based Detection,35,117.19606093371806,2015-2019
Usa,2020,Malware,Telecommunications,27.16,858207,Nation-state,Unpatched Software,AI-based Detection,42,31.647376448805474,2020-2024
Germany,2021,Ransomware,Healthcare,16.64,912847,Unknown,Weak Passwords,Antivirus,27,18.228684544069267,2020-2024
Uk,2018,Malware,Banking,41.34,82287,Unknown,Unpatched Software,Encryption,61,502.3879835210908,2015-2019
Usa,2020,Man-In-The-Middle,Education,44.85,527938,Nation-state,Zero-day,Encryption,1,84.95315737832851,2020-2024
Uk,2022,Ddos,Telecommunications,50.9,645154,Insider,Weak Passwords,AI-based Detection,16,78.89589152357422,2020-2024
India,2018,Ransomware,Retail,26.01,732636,Hacker Group,Zero-day,VPN,3,35.501940936563315,2015-2019
Russia,2015,Ddos,Retail,69.61,26321,Nation-state,Zero-day,Encryption,11,2644.656358041108,2015-2019
Germany,2023,Ransomware,Banking,52.88,982507,Unknown,Unpatched Software,Encryption,39,53.82149949058887,2020-2024
Russia,2019,Malware,Retail,11.57,367712,Nation-state,Weak Passwords,Firewall,13,31.464842050300234,2015-2019
Russia,2015,Ddos,Telecommunications,83.28,236346,Insider,Unpatched Software,AI-based Detection,55,352.36475337005913,2015-2019
Australia,2018,Sql Injection,Retail,51.46,287089,Nation-state,Weak Passwords,Encryption,8,179.24755041119653,2015-2019
Brazil,2024,Malware,Healthcare,50.71,964191,Unknown,Weak Passwords,VPN,36,52.59331398032133,2020-2024
China,2016,Sql Injection,Healthcare,52.68,55913,Nation-state,Social Engineering,Antivirus,70,942.1780265770036,2015-2019
Japan,2015,Phishing,Government,98.29,850600,Insider,Zero-day,Encryption,17,115.55372678109569,2015-2019
France,2024,Phishing,Retail,45.57,201137,Hacker Group,Zero-day,Antivirus,25,226.56199505809474,2020-2024
Germany,2017,Malware,Healthcare,1.68,859708,Nation-state,Weak Passwords,Encryption,10,1.954151874822614,2015-2019
Russia,2016,Phishing,Government,2.74,863777,Insider,Zero-day,Antivirus,20,3.172115025058551,2015-2019
Japan,2024,Sql Injection,Banking,67.37,521384,Unknown,Social Engineering,Antivirus,32,129.21378484955426,2020-2024
Russia,2022,Sql Injection,Government,69.09,474183,Insider,Weak Passwords,Antivirus,27,145.7032411537318,2020-2024
Brazil,2018,Sql Injection,Retail,36.63,829742,Insider,Unpatched Software,Firewall,57,44.14625269059539,2015-2019
Usa,2021,Ddos,Telecommunications,99.81,460842,Unknown,Weak Passwords,AI-based Detection,59,216.58182196935175,2020-2024
Australia,2022,Malware,Retail,47.33,839881,Unknown,Zero-day,Firewall,51,56.353221468279436,2020-2024
Brazil,2017,Ddos,IT,72.48,860625,Unknown,Zero-day,Firewall,4,84.21786492374727,2015-2019
Uk,2019,Sql Injection,Healthcare,65.47,263110,Insider,Social Engineering,Firewall,6,248.83128729428756,2015-2019
Japan,2020,Man-In-The-Middle,IT,13.61,506364,Nation-state,Social Engineering,Firewall,66,26.877898112820027,2020-2024
Usa,2021,Phishing,Education,6.01,176772,Insider,Unpatched Software,Firewall,6,33.99859706288326,2020-2024
Brazil,2021,Sql Injection,Retail,1.32,564277,Nation-state,Weak Passwords,Firewall,1,2.3392766318669733,2020-2024
Australia,2017,Man-In-The-Middle,Retail,47.97,36780,Insider,Unpatched Software,AI-based Detection,64,1304.241435562806,2015-2019
Germany,2021,Ransomware,Retail,46.82,589744,Nation-state,Weak Passwords,VPN,32,79.39037955451857,2020-2024
Russia,2018,Malware,Government,59.01,309230,Hacker Group,Social Engineering,Encryption,61,190.82883290754455,2015-2019
China,2024,Man-In-The-Middle,Telecommunications,53.59,4913,Hacker Group,Weak Passwords,AI-based Detection,61,10907.79564420924,2020-2024
Brazil,2020,Sql Injection,Education,50.41,350295,Insider,Unpatched Software,Encryption,5,143.9072781512725,2020-2024
Usa,2020,Ddos,Banking,60.2,998937,Nation-state,Zero-day,Antivirus,19,60.2640606965204,2020-2024
Brazil,2018,Malware,Telecommunications,96.22,445546,Nation-state,Weak Passwords,Firewall,45,215.95974377505354,2015-2019
Brazil,2023,Sql Injection,Healthcare,7.33,486146,Insider,Zero-day,Firewall,12,15.077774989406475,2020-2024
Uk,2016,Phishing,Education,29.49,466333,Hacker Group,Zero-day,Firewall,51,63.23807236459783,2015-2019
Japan,2019,Phishing,Government,73.35,706019,Nation-state,Zero-day,Encryption,65,103.89238816519102,2015-2019
Uk,2020,Ddos,Retail,70.03,971464,Nation-state,Weak Passwords,Firewall,4,72.087076824257,2020-2024
India,2015,Man-In-The-Middle,IT,76.97,224983,Nation-state,Weak Passwords,AI-based Detection,42,342.11473755794884,2015-2019
Brazil,2019,Ransomware,Telecommunications,87.41,919425,Nation-state,Unpatched Software,Encryption,45,95.0702884955271,2015-2019
Russia,2023,Ddos,Telecommunications,57.25,115138,Unknown,Unpatched Software,Encryption,42,497.22941166252673,2020-2024
Japan,2020,Phishing,IT,99.57,786468,Nation-state,Social Engineering,AI-based Detection,42,126.60400677459222,2020-2024
India,2023,Phishing,Retail,5.11,620560,Hacker Group,Weak Passwords,Antivirus,59,8.234497872889003,2020-2024
Usa,2017,Malware,Government,56.74,976007,Insider,Social Engineering,Encryption,59,58.134828951021866,2015-2019
France,2016,Ddos,Education,46.58,361163,Hacker Group,Zero-day,Firewall,38,128.97223691241905,2015-2019
Brazil,2017,Ransomware,Healthcare,54.78,469735,Nation-state,Zero-day,Encryption,57,116.61894472415298,2015-2019
Usa,2015,Man-In-The-Middle,IT,46.27,117231,Unknown,Unpatched Software,AI-based Detection,28,394.69082409942763,2015-2019
Germany,2018,Ransomware,Healthcare,14.38,276925,Unknown,Unpatched Software,VPN,54,51.927417170714094,2015-2019
Australia,2019,Malware,Telecommunications,37.3,208089,Unknown,Zero-day,Antivirus,33,179.25022466348534,2015-2019
Australia,2016,Phishing,Telecommunications,63.81,71720,Hacker Group,Zero-day,Encryption,21,889.7099832682654,2015-2019
Russia,2024,Ransomware,Telecommunications,35.62,236676,Nation-state,Social Engineering,AI-based Detection,67,150.50110699859724,2020-2024
India,2024,Man-In-The-Middle,Telecommunications,93.46,409281,Nation-state,Weak Passwords,Antivirus,18,228.35167036828,2020-2024
Japan,2023,Phishing,Banking,82.36,612815,Insider,Zero-day,Antivirus,12,134.39618808286352,2020-2024
Russia,2018,Sql Injection,Telecommunications,11.32,153618,Nation-state,Weak Passwords,VPN,29,73.68928120402558,2015-2019
India,2023,Ransomware,Banking,57.15,704230,Nation-state,Zero-day,VPN,71,81.152464393735,2020-2024
China,2019,Malware,Retail,79.37,863510,Hacker Group,Weak Passwords,VPN,2,91.91555396000047,2015-2019
India,2024,Ddos,Healthcare,4.08,488599,Unknown,Social Engineering,Encryption,11,8.350405956622916,2020-2024
France,2022,Ransomware,Healthcare,80.73,964782,Unknown,Weak Passwords,VPN,47,83.67693427116177,2020-2024
Germany,2018,Man-In-The-Middle,IT,48.96,323027,Unknown,Unpatched Software,Encryption,49,151.5662777414891,2015-2019
China,2023,Man-In-The-Middle,Education,10.55,12970,Unknown,Social Engineering,Antivirus,32,813.4155744024672,2020-2024
India,2020,Man-In-The-Middle,Government,50.19,659835,Unknown,Zero-day,Encryption,46,76.06447066312033,2020-2024
China,2023,Sql Injection,Telecommunications,66.92,336320,Hacker Group,Social Engineering,VPN,51,198.97716460513797,2020-2024
China,2017,Man-In-The-Middle,Banking,47.52,83617,Insider,Unpatched Software,AI-based Detection,64,568.3054881184448,2015-2019
Brazil,2018,Malware,Banking,87.13,99178,Nation-state,Unpatched Software,Antivirus,27,878.5214462884913,2015-2019
Brazil,2024,Ransomware,Education,80.1,489369,Nation-state,Unpatched Software,Encryption,41,163.68016772619436,2020-2024
Russia,2017,Phishing,Telecommunications,2.22,620350,Hacker Group,Zero-day,Firewall,45,3.578624969775127,2015-2019
Usa,2020,Ddos,Healthcare,38.14,846602,Insider,Weak Passwords,Firewall,31,45.05068497357672,2020-2024
India,2017,Malware,Government,61.02,650042,Nation-state,Unpatched Software,Antivirus,48,93.87085757535667,2015-2019
Japan,2019,Man-In-The-Middle,Government,61.01,549197,Hacker Group,Social Engineering,Antivirus,59,111.0894633437546,2015-2019
France,2023,Phishing,IT,15.49,138639,Hacker Group,Unpatched Software,VPN,14,111.72902285792598,2020-2024
Australia,2024,Man-In-The-Middle,Healthcare,93.4,833819,Insider,Unpatched Software,Antivirus,14,112.01471782245308,2020-2024
India,2022,Malware,Retail,13.88,813217,Insider,Zero-day,AI-based Detection,71,17.068015056251898,2020-2024
Uk,2017,Malware,Banking,11.25,636273,Insider,Zero-day,Antivirus,30,17.68108972092168,2015-2019
Russia,2017,Man-In-The-Middle,Banking,66.53,45277,Insider,Social Engineering,Firewall,43,1469.3994743467986,2015-2019
Australia,2015,Phishing,Telecommunications,89.41,488342,Hacker Group,Unpatched Software,Firewall,23,183.08890081131665,2015-2019
France,2019,Phishing,IT,55.31,526220,Nation-state,Social Engineering,AI-based Detection,2,105.10812967960169,2015-2019
Usa,2023,Ddos,Education,90.38,311596,Insider,Weak Passwords,VPN,23,290.0550713102864,2020-2024
Brazil,2024,Ddos,Retail,25.17,658226,Insider,Weak Passwords,VPN,52,38.239145825294045,2020-2024
India,2019,Phishing,Education,6.29,344693,Hacker Group,Social Engineering,Encryption,19,18.248122242111094,2015-2019
France,2016,Phishing,Education,37.57,380995,Unknown,Weak Passwords,VPN,60,98.61021798186327,2015-2019
Brazil,2018,Malware,Banking,3.1,458185,Insider,Social Engineering,AI-based Detection,31,6.765826030970023,2015-2019
Brazil,2022,Man-In-The-Middle,Education,91.69,581034,Insider,Social Engineering,VPN,67,157.80487888832667,2020-2024
Russia,2019,Ransomware,Retail,19.97,722544,Hacker Group,Social Engineering,Encryption,14,27.638455235944107,2015-2019
Brazil,2024,Phishing,IT,28.78,793783,Insider,Social Engineering,Firewall,17,36.256760348861086,2020-2024
China,2023,Sql Injection,IT,53.21,620822,Unknown,Zero-day,Firewall,21,85.7089471700423,2020-2024
Russia,2022,Ransomware,Healthcare,16.6,715102,Insider,Zero-day,Antivirus,2,23.21347164460455,2020-2024
Russia,2021,Man-In-The-Middle,Banking,44.32,634390,Unknown,Zero-day,Antivirus,54,69.86238749034506,2020-2024
Japan,2021,Ransomware,Government,10.34,791473,Nation-state,Weak Passwords,Firewall,58,13.064248559331778,2020-2024
China,2022,Phishing,IT,41.81,631816,Unknown,Weak Passwords,Firewall,29,66.17432923509377,2020-2024
Germany,2016,Malware,Banking,84.54,517353,Nation-state,Social Engineering,Antivirus,41,163.40873639468603,2015-2019
Japan,2015,Malware,Telecommunications,40.38,118734,Insider,Unpatched Software,AI-based Detection,21,340.0879276365658,2015-2019
India,2020,Man-In-The-Middle,Education,39.15,963367,Insider,Zero-day,Encryption,50,40.63871816244484,2020-2024
Australia,2021,Sql Injection,Telecommunications,22.51,71557,Insider,Social Engineering,Antivirus,47,314.5743952373632,2020-2024
Brazil,2017,Ransomware,Government,58.18,824704,Hacker Group,Zero-day,Antivirus,30,70.54652335868384,2015-2019
Germany,2023,Man-In-The-Middle,Banking,92.48,1326,Nation-state,Social Engineering,Antivirus,11,69743.58974358975,2020-2024
Uk,2015,Phishing,Banking,51.38,630931,Insider,Zero-day,AI-based Detection,48,81.43521240832992,2015-2019
Germany,2016,Phishing,Government,93.61,395731,Insider,Unpatched Software,AI-based Detection,64,236.54957534284654,2015-2019
Australia,2017,Ransomware,Government,27.38,918816,Unknown,Weak Passwords,AI-based Detection,58,29.79921986556612,2015-2019
Australia,2021,Malware,Healthcare,74.61,357205,Nation-state,Weak Passwords,Antivirus,21,208.87165633179828,2020-2024
Uk,2019,Sql Injection,IT,78.84,464960,Unknown,Unpatched Software,Encryption,24,169.5629731589814,2015-2019
Usa,2019,Ransomware,Telecommunications,65.7,51619,Insider,Unpatched Software,VPN,3,1272.787152017668,2015-2019
Brazil,2017,Phishing,IT,81.04,850794,Unknown,Social Engineering,Antivirus,69,95.25219970991803,2015-2019
France,2015,Man-In-The-Middle,Banking,27.2,559841,Nation-state,Unpatched Software,VPN,22,48.58522330447395,2015-2019
China,2018,Ddos,Healthcare,86.38,685136,Nation-state,Weak Passwords,Antivirus,62,126.07715840358702,2015-2019
Brazil,2016,Malware,Education,83.93,102797,Unknown,Weak Passwords,Firewall,17,816.4635154722414,2015-2019
France,2022,Ransomware,Healthcare,40.36,439046,Insider,Social Engineering,VPN,42,91.92658628025309,2020-2024
Usa,2019,Sql Injection,Telecommunications,57.4,51312,Insider,Social Engineering,AI-based Detection,26,1118.6467103211723,2015-2019
Brazil,2022,Ransomware,Retail,1.42,510870,Unknown,Unpatched Software,AI-based Detection,35,2.779572102491828,2020-2024
Russia,2021,Sql Injection,Government,66.5,348118,Hacker Group,Zero-day,VPN,42,191.0271804388167,2020-2024
Australia,2016,Ransomware,Healthcare,47.18,509930,Unknown,Social Engineering,AI-based Detection,68,92.52250308865922,2015-2019
Uk,2016,Ransomware,IT,58.99,822380,Hacker Group,Zero-day,Firewall,26,71.73083002991318,2015-2019
Germany,2022,Sql Injection,Banking,52.91,619669,Unknown,Unpatched Software,Antivirus,19,85.3842938730193,2020-2024
Australia,2023,Sql Injection,Telecommunications,20.95,341111,Insider,Weak Passwords,VPN,14,61.416958116273,2020-2024
France,2018,Ransomware,Government,2.79,443730,Hacker Group,Weak Passwords,Antivirus,39,6.287607328781015,2015-2019
Japan,2017,Ddos,IT,27.76,824968,Insider,Weak Passwords,Encryption,15,33.64979005246264,2015-2019
Japan,2016,Man-In-The-Middle,Retail,58.77,172346,Nation-state,Social Engineering,AI-based Detection,51,341.0000812319404,2015-2019
Germany,2022,Ddos,Telecommunications,51.95,919855,Hacker Group,Weak Passwords,Antivirus,56,56.47629245913758,2020-2024
Germany,2021,Man-In-The-Middle,IT,90.57,254634,Hacker Group,Social Engineering,AI-based Detection,5,355.68698602700346,2020-2024
France,2022,Phishing,Retail,39.15,724409,Unknown,Weak Passwords,Antivirus,56,54.04405522294726,2020-2024
Uk,2018,Phishing,Healthcare,95.3,269142,Unknown,Unpatched Software,Encryption,72,354.08817650162365,2015-2019
India,2024,Phishing,Retail,92.48,32067,Insider,Unpatched Software,Antivirus,19,2883.96170517978,2020-2024
Germany,2020,Malware,Government,32.2,591314,Hacker Group,Weak Passwords,Encryption,65,54.4549934552539,2020-2024
Germany,2019,Sql Injection,Healthcare,91.72,149171,Hacker Group,Zero-day,VPN,64,614.8648195694874,2015-2019
Brazil,2016,Ddos,IT,13.52,535205,Hacker Group,Social Engineering,AI-based Detection,53,25.261348455264805,2015-2019
Germany,2022,Ransomware,Education,87.93,471889,Nation-state,Zero-day,Antivirus,4,186.33619346922688,2020-2024
France,2019,Phishing,Healthcare,52.18,869751,Insider,Zero-day,Firewall,12,59.99418224296379,2015-2019
Russia,2017,Ddos,Education,50.42,690010,Nation-state,Weak Passwords,Firewall,18,73.07140476224983,2015-2019
Brazil,2017,Ransomware,Healthcare,32.9,433987,Unknown,Zero-day,AI-based Detection,21,75.80872238108515,2015-2019
Uk,2017,Phishing,Banking,1.54,31262,Unknown,Social Engineering,Firewall,56,49.26108374384236,2015-2019
Australia,2022,Malware,Retail,32.26,824433,Nation-state,Unpatched Software,AI-based Detection,60,39.12992323208799,2020-2024
Germany,2023,Man-In-The-Middle,Retail,23.28,651963,Insider,Unpatched Software,AI-based Detection,53,35.7075478209653,2020-2024
France,2017,Sql Injection,Education,81.06,349070,Unknown,Zero-day,VPN,41,232.21703383275562,2015-2019
Usa,2024,Malware,Telecommunications,71.42,967411,Hacker Group,Social Engineering,AI-based Detection,47,73.82591266793534,2020-2024
Japan,2021,Sql Injection,Retail,64.81,263770,Unknown,Social Engineering,Antivirus,62,245.7064867119081,2020-2024
Uk,2016,Phishing,Retail,85.89,714670,Hacker Group,Weak Passwords,VPN,32,120.18134243776848,2015-2019
Usa,2021,Ddos,Telecommunications,47.84,498904,Hacker Group,Zero-day,Antivirus,65,95.89019129932812,2020-2024
Usa,2024,Phishing,Education,47.95,569539,Unknown,Weak Passwords,Encryption,18,84.19089825279744,2020-2024
China,2016,Man-In-The-Middle,Retail,82.52,217938,Nation-state,Weak Passwords,VPN,69,378.6397966394112,2015-2019
China,2022,Ransomware,Retail,36.48,172607,Unknown,Zero-day,VPN,60,211.34716436760965,2020-2024
India,2023,Man-In-The-Middle,Retail,95.66,424762,Insider,Unpatched Software,VPN,10,225.20846968419963,2020-2024
Japan,2019,Man-In-The-Middle,IT,42.34,130309,Insider,Zero-day,AI-based Detection,56,324.91999785126126,2015-2019
India,2018,Ddos,Government,65.11,95378,Insider,Social Engineering,Antivirus,67,682.6521839417895,2015-2019
India,2017,Phishing,IT,53.95,920801,Nation-state,Zero-day,Antivirus,52,58.59029258221918,2015-2019
Japan,2020,Man-In-The-Middle,Retail,91.36,551038,Insider,Social Engineering,Firewall,21,165.7961882846555,2020-2024
China,2016,Malware,Telecommunications,85.8,962508,Unknown,Social Engineering,AI-based Detection,13,89.14211622137167,2015-2019
France,2020,Malware,Healthcare,92.29,267554,Hacker Group,Social Engineering,Firewall,45,344.9397131046443,2020-2024
Japan,2020,Ransomware,IT,25.3,76258,Unknown,Social Engineering,VPN,43,331.7684701932912,2020-2024
Russia,2016,Malware,Banking,3.6,661377,Hacker Group,Weak Passwords,Antivirus,66,5.4431889829854985,2015-2019
Australia,2022,Sql Injection,Retail,56.62,310341,Unknown,Weak Passwords,Encryption,32,182.4444723707148,2020-2024
Russia,2017,Phishing,Education,66.25,702883,Insider,Unpatched Software,VPN,31,94.25466258253508,2015-2019
Usa,2017,Malware,Education,78.38,516103,Hacker Group,Unpatched Software,Firewall,62,151.8689098881425,2015-2019
Usa,2015,Malware,Retail,84.7,542283,Hacker Group,Social Engineering,Firewall,64,156.19150886160915,2015-2019
Russia,2016,Sql Injection,Government,43.75,173441,Hacker Group,Social Engineering,Antivirus,43,252.247161859076,2015-2019
France,2017,Ddos,Retail,67.36,856228,Hacker Group,Zero-day,Encryption,47,78.6706344571773,2015-2019
Uk,2019,Malware,IT,68.54,791265,Hacker Group,Social Engineering,Firewall,65,86.62079075910093,2015-2019
Usa,2019,Malware,Retail,45.42,969699,Hacker Group,Social Engineering,Firewall,63,46.83927693026393,2015-2019
Russia,2023,Malware,Telecommunications,95.0,338867,Nation-state,Unpatched Software,AI-based Detection,34,280.34597644503594,2020-2024
Japan,2018,Ransomware,Government,44.98,951249,Hacker Group,Weak Passwords,VPN,25,47.28520082544108,2015-2019
Usa,2022,Ransomware,IT,50.4,34584,Insider,Zero-day,Firewall,43,1457.321304649549,2020-2024
Brazil,2021,Malware,Education,74.37,298836,Hacker Group,Social Engineering,Encryption,29,248.8655985222664,2020-2024
Brazil,2018,Malware,Retail,27.82,526161,Unknown,Unpatched Software,AI-based Detection,12,52.873550111087674,2015-2019
Brazil,2020,Phishing,Government,76.95,476308,Insider,Social Engineering,VPN,44,161.55512819436163,2020-2024
China,2017,Sql Injection,Banking,29.39,206897,Unknown,Zero-day,Encryption,18,142.0513588887224,2015-2019
Japan,2022,Malware,IT,1.92,2653,Nation-state,Unpatched Software,AI-based Detection,56,723.7090086694309,2020-2024
Uk,2024,Ransomware,Healthcare,90.37,540353,Hacker Group,Unpatched Software,Antivirus,68,167.24252479397728,2020-2024
Germany,2015,Phishing,Retail,84.77,779922,Nation-state,Zero-day,Antivirus,50,108.6903562151087,2015-2019
Germany,2016,Ransomware,Education,24.4,908906,Hacker Group,Weak Passwords,AI-based Detection,46,26.845460366638573,2015-2019
Russia,2021,Man-In-The-Middle,Healthcare,28.34,446741,Nation-state,Weak Passwords,Firewall,20,63.437204107077704,2020-2024
India,2023,Phishing,Education,9.95,317488,Insider,Social Engineering,VPN,46,31.339767172302576,2020-2024
Brazil,2024,Phishing,IT,72.33,182613,Unknown,Unpatched Software,AI-based Detection,26,396.0835208884362,2020-2024
Uk,2018,Ransomware,IT,61.42,211305,Hacker Group,Zero-day,Encryption,27,290.6698847637302,2015-2019
Uk,2024,Ddos,Government,68.83,60379,Hacker Group,Unpatched Software,Firewall,32,1139.9658821775784,2020-2024
Russia,2020,Ransomware,Healthcare,11.11,785179,Unknown,Weak Passwords,VPN,2,14.149639763671724,2020-2024
Russia,2022,Sql Injection,Telecommunications,1.99,652682,Insider,Social Engineering,Encryption,46,3.0489579917938596,2020-2024
Brazil,2022,Sql Injection,Banking,5.85,52649,Nation-state,Unpatched Software,Encryption,57,111.11322152367566,2020-2024
Germany,2024,Man-In-The-Middle,Government,45.75,865871,Insider,Weak Passwords,Antivirus,58,52.83696994124991,2020-2024
Russia,2022,Ddos,Retail,93.71,474552,Nation-state,Zero-day,Encryption,20,197.470456346196,2020-2024
France,2024,Sql Injection,Healthcare,5.7,400840,Insider,Social Engineering,VPN,57,14.220137710807304,2020-2024
Usa,2020,Phishing,Education,60.57,275819,Nation-state,Social Engineering,Firewall,69,219.60053513354774,2020-2024
Brazil,2021,Ddos,Retail,89.79,454088,Hacker Group,Social Engineering,VPN,70,197.73700251933545,2020-2024
France,2018,Phishing,Government,30.68,338619,Hacker Group,Unpatched Software,Antivirus,68,90.60330341770545,2015-2019
Brazil,2018,Malware,Banking,31.56,940038,Hacker Group,Zero-day,Antivirus,24,33.57311087424125,2015-2019
Usa,2017,Ddos,Government,98.73,17805,Nation-state,Weak Passwords,Antivirus,31,5545.071609098568,2015-2019
Japan,2020,Sql Injection,Telecommunications,92.13,244933,Nation-state,Social Engineering,AI-based Detection,37,376.1436801084378,2020-2024
Usa,2016,Phishing,Retail,71.14,198602,Unknown,Zero-day,Firewall,18,358.203844875681,2015-2019
India,2023,Ddos,Retail,73.85,504861,Unknown,Weak Passwords,Antivirus,65,146.2778863885307,2020-2024
Uk,2016,Malware,Telecommunications,91.24,695618,Nation-state,Social Engineering,Antivirus,14,131.16394342872093,2015-2019
China,2022,Man-In-The-Middle,Healthcare,5.4,270732,Unknown,Weak Passwords,Firewall,31,19.94592438278445,2020-2024
Uk,2015,Phishing,Retail,77.58,270326,Nation-state,Social Engineering,Firewall,24,286.986823317032,2015-2019
Russia,2017,Man-In-The-Middle,Government,80.95,827534,Hacker Group,Unpatched Software,Firewall,29,97.82075419257698,2015-2019
Germany,2020,Man-In-The-Middle,Retail,46.07,32499,Insider,Zero-day,Firewall,14,1417.5820794485985,2020-2024
Russia,2016,Malware,Telecommunications,52.2,279065,Hacker Group,Unpatched Software,VPN,62,187.05319549208966,2015-2019
Germany,2017,Ransomware,Telecommunications,49.56,119598,Insider,Unpatched Software,Encryption,43,414.3882004715798,2015-2019
Germany,2016,Sql Injection,Education,61.78,387500,Nation-state,Weak Passwords,AI-based Detection,30,159.43225806451613,2015-2019
Brazil,2018,Phishing,Education,66.07,656031,Nation-state,Social Engineering,Encryption,36,100.71170417251622,2015-2019
China,2022,Ransomware,Education,85.72,637259,Unknown,Zero-day,VPN,57,134.51359651256396,2020-2024
Russia,2023,Sql Injection,Education,0.98,623106,Nation-state,Weak Passwords,Firewall,43,1.5727661104210198,2020-2024
India,2015,Ddos,Education,21.74,513867,Unknown,Zero-day,Firewall,34,42.30666690019013,2015-2019
Australia,2023,Man-In-The-Middle,Healthcare,7.54,710871,Insider,Zero-day,Firewall,55,10.60670642071487,2020-2024
India,2020,Malware,Healthcare,7.08,875225,Unknown,Zero-day,Antivirus,31,8.089348453254877,2020-2024
Germany,2024,Malware,Retail,71.2,989625,Unknown,Social Engineering,Firewall,53,71.94644436023746,2020-2024
China,2016,Ddos,Education,89.08,210433,Insider,Weak Passwords,AI-based Detection,63,423.31763554195396,2015-2019
Usa,2018,Malware,IT,26.31,709153,Hacker Group,Weak Passwords,VPN,45,37.10059747332381,2015-2019
France,2020,Ransomware,IT,21.11,568832,Nation-state,Social Engineering,Firewall,12,37.11113298829883,2020-2024
China,2022,Phishing,Retail,51.76,355545,Unknown,Weak Passwords,Encryption,68,145.5793218861185,2020-2024
Germany,2019,Phishing,Education,90.91,112635,Insider,Weak Passwords,Firewall,55,807.1203444755183,2015-2019
Brazil,2015,Sql Injection,Banking,89.39,988268,Unknown,Zero-day,VPN,44,90.45117316355483,2015-2019
India,2021,Malware,Education,65.87,357399,Nation-state,Zero-day,Encryption,2,184.30381730223087,2020-2024
Japan,2018,Man-In-The-Middle,Government,78.16,512258,Hacker Group,Weak Passwords,Encryption,32,152.57936430470582,2015-2019
Australia,2024,Ransomware,Healthcare,24.21,180760,Nation-state,Weak Passwords,Encryption,34,133.93449878291656,2020-2024
Usa,2023,Man-In-The-Middle,Retail,81.16,691638,Unknown,Zero-day,Antivirus,17,117.34462247591948,2020-2024
Russia,2019,Ransomware,IT,80.18,123757,Insider,Social Engineering,Encryption,54,647.8825440177121,2015-2019
Germany,2018,Ddos,Telecommunications,70.0,702285,Hacker Group,Zero-day,AI-based Detection,46,99.67463351773141,2015-2019
Australia,2022,Ddos,Education,9.73,907708,Unknown,Unpatched Software,AI-based Detection,44,10.719306208604529,2020-2024
Australia,2015,Ddos,Healthcare,4.49,713160,Hacker Group,Unpatched Software,Encryption,26,6.29592237366089,2015-2019
Usa,2022,Malware,Banking,46.75,239200,Nation-state,Social Engineering,Encryption,8,195.44314381270902,2020-2024
China,2016,Ddos,Healthcare,63.15,500521,Nation-state,Weak Passwords,Encryption,27,126.1685323892504,2015-2019
India,2015,Phishing,IT,25.47,741259,Hacker Group,Unpatched Software,Antivirus,18,34.36045970436784,2015-2019
Japan,2021,Sql Injection,Education,3.97,604843,Insider,Unpatched Software,AI-based Detection,40,6.563686774915143,2020-2024
Uk,2023,Sql Injection,Education,19.17,697610,Insider,Weak Passwords,Encryption,18,27.47953727727527,2020-2024
Germany,2022,Sql Injection,IT,58.35,730850,Hacker Group,Weak Passwords,AI-based Detection,27,79.83854416090853,2020-2024
Australia,2018,Sql Injection,IT,65.08,417807,Insider,Social Engineering,Firewall,46,155.76570043106028,2015-2019
India,2020,Malware,Healthcare,3.74,58205,Hacker Group,Unpatched Software,Encryption,63,64.25564814019414,2020-2024
India,2016,Sql Injection,Healthcare,33.11,830670,Unknown,Social Engineering,Antivirus,11,39.85939061239722,2015-2019
Brazil,2024,Ransomware,Government,57.7,691990,Insider,Weak Passwords,Antivirus,41,83.38270784259888,2020-2024
Usa,2015,Ransomware,Retail,74.68,498089,Insider,Weak Passwords,Encryption,18,149.9330440945293,2015-2019
China,2015,Ransomware,IT,86.82,748040,Insider,Weak Passwords,Firewall,18,116.0633121223464,2015-2019
Brazil,2018,Ransomware,Healthcare,4.51,909979,Nation-state,Social Engineering,VPN,65,4.95615832892847,2015-2019
Australia,2019,Man-In-The-Middle,Banking,27.0,286038,Nation-state,Social Engineering,Encryption,43,94.39305267132339,2015-2019
Russia,2021,Sql Injection,Retail,82.88,479586,Insider,Zero-day,AI-based Detection,8,172.81572022536105,2020-2024
Australia,2020,Phishing,Banking,42.03,454763,Hacker Group,Social Engineering,Firewall,14,92.42176694234139,2020-2024
Uk,2019,Phishing,Telecommunications,33.85,60183,Nation-state,Unpatched Software,AI-based Detection,17,562.4511905355333,2015-2019
Russia,2018,Phishing,Education,94.6,596801,Nation-state,Weak Passwords,Antivirus,70,158.5117987402836,2015-2019
China,2021,Ransomware,IT,71.9,698786,Hacker Group,Zero-day,Antivirus,21,102.89273110795007,2020-2024
Japan,2021,Ddos,Telecommunications,94.23,441749,Nation-state,Unpatched Software,AI-based Detection,55,213.31117897267453,2020-2024
China,2018,Sql Injection,Healthcare,76.4,966102,Hacker Group,Social Engineering,Firewall,1,79.08067678154066,2015-2019
India,2017,Malware,Healthcare,66.29,430200,Unknown,Zero-day,Antivirus,48,154.09112040911205,2015-2019
Uk,2023,Ransomware,Banking,49.89,638668,Nation-state,Social Engineering,Encryption,47,78.11570330750875,2020-2024
Uk,2019,Ddos,Healthcare,81.91,127817,Nation-state,Weak Passwords,Antivirus,66,640.8380731827534,2015-2019
Brazil,2017,Man-In-The-Middle,Government,14.54,491794,Nation-state,Zero-day,Encryption,4,29.56522446390155,2015-2019
Germany,2024,Ransomware,IT,33.44,737958,Hacker Group,Social Engineering,Encryption,54,45.31423197526146,2020-2024
Australia,2017,Ddos,Education,31.74,724207,Hacker Group,Weak Passwords,Firewall,54,43.827248286746745,2015-2019
Germany,2018,Sql Injection,Healthcare,78.11,451780,Hacker Group,Unpatched Software,VPN,28,172.89388640488733,2015-2019
India,2016,Man-In-The-Middle,Healthcare,8.25,875227,Unknown,Zero-day,AI-based Detection,20,9.426126022163393,2015-2019
Brazil,2018,Malware,Banking,17.52,334945,Nation-state,Weak Passwords,Antivirus,33,52.30709519473346,2015-2019
Australia,2023,Ddos,IT,81.89,525978,Unknown,Weak Passwords,Antivirus,12,155.69092243401815,2020-2024
Uk,2016,Phishing,Retail,37.29,761252,Insider,Weak Passwords,VPN,57,48.98509297840925,2015-2019
China,2017,Phishing,Government,38.87,168075,Insider,Social Engineering,AI-based Detection,52,231.265803956567,2015-2019
Japan,2015,Ransomware,Banking,6.57,443408,Hacker Group,Weak Passwords,Encryption,71,14.817053368455237,2015-2019
Uk,2018,Ddos,IT,17.99,60917,Unknown,Zero-day,VPN,1,295.3198614508265,2015-2019
Usa,2017,Man-In-The-Middle,Banking,59.54,839892,Nation-state,Weak Passwords,Encryption,20,70.8900668181147,2015-2019
Brazil,2021,Ransomware,Government,72.14,673933,Unknown,Zero-day,AI-based Detection,22,107.04328175055977,2020-2024
Usa,2021,Ransomware,Education,84.64,534283,Insider,Social Engineering,VPN,49,158.41791709637027,2020-2024
Uk,2022,Ddos,Education,32.2,49715,Insider,Unpatched Software,Encryption,72,647.6918435079956,2020-2024
China,2022,Sql Injection,Banking,1.16,297461,Hacker Group,Zero-day,Firewall,15,3.8996708812247656,2020-2024
Russia,2021,Sql Injection,Healthcare,48.71,861410,Unknown,Social Engineering,VPN,7,56.546824392565675,2020-2024
Germany,2016,Ddos,Telecommunications,14.28,547178,Insider,Social Engineering,Firewall,45,26.097540471290877,2015-2019
Japan,2020,Ransomware,Banking,37.38,273660,Insider,Weak Passwords,Firewall,6,136.59285244463933,2020-2024
Brazil,2023,Phishing,IT,23.01,195113,Unknown,Unpatched Software,Encryption,4,117.93166011490777,2020-2024
China,2018,Man-In-The-Middle,Banking,9.77,881294,Insider,Unpatched Software,AI-based Detection,3,11.085971310368617,2015-2019
Usa,2024,Phishing,Government,58.64,146937,Hacker Group,Social Engineering,Firewall,10,399.08260002586144,2020-2024
Russia,2016,Phishing,Healthcare,11.29,72191,Unknown,Weak Passwords,Antivirus,3,156.390685819562,2015-2019
Australia,2022,Man-In-The-Middle,Government,90.65,898589,Hacker Group,Zero-day,AI-based Detection,58,100.88038024057717,2020-2024
Japan,2024,Malware,Telecommunications,30.66,430306,Nation-state,Weak Passwords,VPN,67,71.25162093951747,2020-2024
Australia,2022,Ddos,IT,27.02,835814,Insider,Weak Passwords,Encryption,40,32.32776670407531,2020-2024
Russia,2015,Sql Injection,IT,56.07,837322,Insider,Zero-day,AI-based Detection,25,66.9634859707496,2015-2019
Russia,2019,Sql Injection,Telecommunications,10.88,299403,Unknown,Unpatched Software,Antivirus,23,36.33898123933294,2015-2019
Usa,2024,Man-In-The-Middle,Government,96.13,482492,Unknown,Social Engineering,Encryption,17,199.23646402427397,2020-2024
China,2022,Ddos,IT,88.61,777010,Hacker Group,Weak Passwords,VPN,34,114.03971634856694,2020-2024
Germany,2021,Ddos,IT,73.5,806210,Unknown,Weak Passwords,Antivirus,5,91.16731372719266,2020-2024
China,2024,Malware,Government,1.17,281616,Nation-state,Unpatched Software,Encryption,6,4.154593489006307,2020-2024
India,2023,Ransomware,Banking,42.02,827952,Hacker Group,Unpatched Software,AI-based Detection,21,50.75173440006184,2020-2024
Usa,2020,Malware,Retail,59.15,179586,Hacker Group,Social Engineering,VPN,27,329.36865902687293,2020-2024
Uk,2022,Phishing,Retail,26.63,725905,Hacker Group,Zero-day,VPN,54,36.68524118169733,2020-2024
Usa,2016,Ddos,Healthcare,30.49,723411,Hacker Group,Weak Passwords,AI-based Detection,40,42.1475482125652,2015-2019
India,2024,Malware,Banking,14.01,141437,Nation-state,Weak Passwords,Firewall,10,99.05470280054017,2020-2024
Usa,2019,Ddos,Government,49.88,441744,Unknown,Weak Passwords,Firewall,40,112.91607809047774,2015-2019
Japan,2016,Malware,Telecommunications,4.84,936738,Insider,Weak Passwords,Antivirus,8,5.166866295591723,2015-2019
Usa,2024,Malware,Education,75.51,822636,Insider,Social Engineering,Antivirus,63,91.79029364141613,2020-2024
Australia,2018,Malware,Banking,68.32,843891,Unknown,Weak Passwords,Antivirus,31,80.95832281657228,2015-2019
Russia,2020,Ddos,Healthcare,6.37,82576,Nation-state,Weak Passwords,VPN,40,77.14105793450882,2020-2024
France,2024,Ransomware,Banking,97.53,759522,Unknown,Weak Passwords,VPN,39,128.40971031780515,2020-2024
Uk,2024,Ransomware,Banking,12.22,860343,Hacker Group,Weak Passwords,Antivirus,42,14.203637386484228,2020-2024
Australia,2023,Malware,Government,55.72,14483,Nation-state,Weak Passwords,Firewall,36,3847.269212179797,2020-2024
Japan,2023,Malware,Telecommunications,67.77,871255,Hacker Group,Social Engineering,AI-based Detection,24,77.78434557047018,2020-2024
India,2019,Man-In-The-Middle,Government,98.86,48647,Unknown,Zero-day,Encryption,48,2032.1910909203034,2015-2019
Australia,2024,Phishing,Education,74.75,109907,Insider,Social Engineering,VPN,5,680.120465484455,2020-2024
Brazil,2022,Man-In-The-Middle,Retail,89.11,749386,Unknown,Unpatched Software,Firewall,16,118.91068154462454,2020-2024
Russia,2018,Malware,Telecommunications,89.79,900723,Insider,Zero-day,Firewall,32,99.68658510996167,2015-2019
France,2024,Phishing,IT,49.75,943151,Nation-state,Zero-day,VPN,66,52.74871150006733,2020-2024
Usa,2019,Malware,Education,1.05,93580,Nation-state,Unpatched Software,VPN,21,11.22034622782646,2015-2019
China,2019,Malware,Retail,26.66,303469,Insider,Social Engineering,VPN,60,87.85081837024539,2015-2019
Usa,2024,Malware,Telecommunications,0.71,28436,Unknown,Unpatched Software,Encryption,66,24.968349978899987,2020-2024
France,2015,Phishing,Healthcare,41.92,383484,Unknown,Unpatched Software,VPN,52,109.31355675856098,2015-2019
Germany,2017,Ddos,Telecommunications,40.05,27446,Insider,Social Engineering,AI-based Detection,13,1459.2290315528674,2015-2019
Japan,2020,Phishing,Healthcare,73.13,39276,Nation-state,Unpatched Software,Firewall,29,1861.9513188715755,2020-2024
Brazil,2024,Sql Injection,IT,33.94,88304,Nation-state,Zero-day,Encryption,41,384.35404964667515,2020-2024
Brazil,2019,Malware,Government,4.95,281096,Nation-state,Zero-day,AI-based Detection,2,17.609642257449412,2015-2019
Australia,2018,Sql Injection,Banking,50.23,793612,Nation-state,Zero-day,Firewall,12,63.292893756646826,2015-2019
Uk,2016,Malware,Banking,49.92,848188,Nation-state,Unpatched Software,VPN,12,58.85487651322584,2015-2019
India,2016,Man-In-The-Middle,IT,70.24,374767,Unknown,Unpatched Software,Antivirus,67,187.4231188978752,2015-2019
France,2019,Ddos,Telecommunications,85.65,835349,Nation-state,Unpatched Software,VPN,8,102.5319956090209,2015-2019
Japan,2020,Sql Injection,Banking,64.25,877560,Nation-state,Weak Passwords,Encryption,61,73.21436710880168,2020-2024
Germany,2016,Man-In-The-Middle,Government,58.93,249279,Unknown,Weak Passwords,VPN,58,236.40178274142627,2015-2019
Japan,2017,Ransomware,Government,9.24,126143,Unknown,Weak Passwords,Antivirus,35,73.25020016964874,2015-2019
France,2021,Malware,Government,50.84,7910,Unknown,Unpatched Software,Firewall,19,6427.307206068268,2020-2024
Brazil,2020,Sql Injection,Education,85.12,732802,Nation-state,Weak Passwords,Antivirus,62,116.15688821809984,2020-2024
Usa,2019,Ddos,Telecommunications,12.13,426349,Hacker Group,Unpatched Software,Encryption,44,28.450870061850736,2015-2019
China,2019,Man-In-The-Middle,Telecommunications,6.24,739538,Nation-state,Zero-day,Encryption,5,8.437700293967314,2015-2019
Uk,2016,Sql Injection,Retail,17.98,251689,Nation-state,Social Engineering,Antivirus,1,71.43736913412982,2015-2019
Germany,2015,Malware,Education,75.2,461291,Insider,Social Engineering,AI-based Detection,5,163.02073961989288,2015-2019
Uk,2021,Man-In-The-Middle,Banking,71.88,757595,Insider,Weak Passwords,VPN,40,94.87919006857226,2020-2024
Japan,2024,Man-In-The-Middle,Retail,12.62,970866,Hacker Group,Weak Passwords,Firewall,13,12.998704249608082,2020-2024
Brazil,2021,Malware,Government,79.56,334916,Nation-state,Weak Passwords,Firewall,35,237.55210261677556,2020-2024
Uk,2019,Man-In-The-Middle,IT,35.37,384185,Insider,Weak Passwords,Firewall,71,92.06502075822846,2015-2019
Australia,2016,Phishing,Education,98.72,6670,Nation-state,Social Engineering,VPN,24,14800.599700149925,2015-2019
France,2016,Man-In-The-Middle,IT,62.08,801177,Nation-state,Social Engineering,Encryption,11,77.48599872437676,2015-2019
Russia,2016,Ransomware,Banking,28.79,183711,Insider,Zero-day,Encryption,50,156.71353375682457,2015-2019
France,2015,Malware,Retail,83.45,573985,Insider,Weak Passwords,AI-based Detection,45,145.38707457511956,2015-2019
Japan,2018,Ddos,Healthcare,88.04,675172,Nation-state,Weak Passwords,Antivirus,43,130.39640269442452,2015-2019
Germany,2018,Ddos,Government,35.76,716770,Insider,Unpatched Software,Encryption,2,49.89048090740405,2015-2019
Australia,2016,Ddos,IT,43.19,825866,Unknown,Weak Passwords,Firewall,23,52.29661954844975,2015-2019
Usa,2019,Ransomware,Healthcare,92.43,206631,Unknown,Zero-day,AI-based Detection,64,447.3191341086284,2015-2019
Germany,2016,Phishing,Banking,40.18,153211,Nation-state,Weak Passwords,Encryption,43,262.25271031453354,2015-2019
Japan,2018,Sql Injection,IT,48.91,322255,Nation-state,Zero-day,AI-based Detection,41,151.7742160711238,2015-2019
China,2021,Ransomware,Telecommunications,44.84,16106,Nation-state,Weak Passwords,Firewall,29,2784.0556314416986,2020-2024
Usa,2021,Man-In-The-Middle,Education,51.43,640851,Unknown,Zero-day,VPN,11,80.2526640357899,2020-2024
Japan,2022,Phishing,Banking,12.42,570853,Unknown,Unpatched Software,Encryption,4,21.756914652283513,2020-2024
Usa,2023,Sql Injection,Banking,98.91,995462,Unknown,Unpatched Software,Firewall,33,99.36089976312506,2020-2024
Russia,2015,Ransomware,Telecommunications,64.68,716832,Hacker Group,Social Engineering,VPN,67,90.23034685951521,2015-2019
Usa,2015,Malware,Retail,41.34,677462,Unknown,Unpatched Software,AI-based Detection,45,61.0218728135305,2015-2019
France,2020,Ddos,IT,52.09,362499,Insider,Unpatched Software,Encryption,4,143.6969481295121,2020-2024
India,2023,Ddos,Retail,26.01,274512,Insider,Weak Passwords,AI-based Detection,69,94.74995628606399,2020-2024
Germany,2017,Malware,Government,63.97,590555,Nation-state,Social Engineering,AI-based Detection,27,108.32183285214755,2015-2019
Australia,2024,Phishing,Telecommunications,42.28,297456,Nation-state,Zero-day,VPN,20,142.13866924856114,2020-2024
Russia,2015,Ransomware,Government,2.73,465465,Nation-state,Unpatched Software,Encryption,60,5.865102639296188,2015-2019
India,2023,Man-In-The-Middle,IT,58.9,24387,Hacker Group,Unpatched Software,Encryption,29,2415.221224422848,2020-2024
France,2020,Man-In-The-Middle,Education,35.12,871001,Nation-state,Zero-day,Antivirus,39,40.321423281948015,2020-2024
Brazil,2019,Malware,IT,8.31,989421,Unknown,Zero-day,Firewall,46,8.398851449484093,2015-2019
France,2015,Phishing,Retail,84.86,190100,Nation-state,Zero-day,AI-based Detection,69,446.39663335086794,2015-2019
France,2018,Sql Injection,IT,63.56,3324,Unknown,Zero-day,Encryption,65,19121.54031287605,2015-2019
Uk,2024,Malware,Retail,33.24,851177,Insider,Unpatched Software,Encryption,53,39.05180708595275,2020-2024
Russia,2015,Malware,Healthcare,35.11,477346,Unknown,Social Engineering,Firewall,8,73.55251746112883,2015-2019
Usa,2021,Malware,Healthcare,49.73,386686,Insider,Zero-day,AI-based Detection,7,128.60563868358307,2020-2024
Russia,2016,Ddos,Banking,87.62,922456,Insider,Zero-day,VPN,67,94.98556028688631,2015-2019
China,2021,Ddos,Telecommunications,84.09,954379,Insider,Social Engineering,VPN,59,88.10965035902927,2020-2024
Germany,2024,Phishing,Telecommunications,36.34,887186,Insider,Weak Passwords,Antivirus,8,40.96097098015523,2020-2024
India,2018,Malware,Education,41.28,197323,Hacker Group,Social Engineering,Antivirus,47,209.2001439264556,2015-2019
India,2016,Malware,IT,34.78,294587,Unknown,Social Engineering,AI-based Detection,43,118.06359411650888,2015-2019
Uk,2022,Man-In-The-Middle,Telecommunications,88.71,191263,Hacker Group,Unpatched Software,Encryption,68,463.8116101912027,2020-2024
France,2017,Ransomware,Healthcare,88.79,332214,Nation-state,Social Engineering,Antivirus,16,267.26748421198386,2015-2019
China,2024,Man-In-The-Middle,Government,56.26,196531,Hacker Group,Zero-day,Firewall,45,286.26527112771015,2020-2024
Brazil,2021,Sql Injection,Banking,4.34,258021,Hacker Group,Unpatched Software,Encryption,46,16.820336329213514,2020-2024
Russia,2021,Ransomware,Healthcare,85.65,920121,Unknown,Social Engineering,Antivirus,21,93.08558330915173,2020-2024
Australia,2021,Sql Injection,IT,4.52,971908,Unknown,Zero-day,AI-based Detection,16,4.650645945912576,2020-2024
France,2017,Ransomware,IT,27.19,760590,Nation-state,Weak Passwords,Encryption,9,35.74856361508829,2015-2019
Uk,2023,Man-In-The-Middle,Government,45.16,569044,Hacker Group,Social Engineering,Antivirus,27,79.36117417985253,2020-2024
France,2021,Sql Injection,Government,2.3,841324,Unknown,Weak Passwords,Encryption,8,2.7337862702121893,2020-2024
Japan,2022,Malware,Government,71.54,668679,Unknown,Social Engineering,VPN,27,106.98705956071598,2020-2024
India,2022,Sql Injection,Banking,27.86,310150,Unknown,Unpatched Software,AI-based Detection,21,89.82750282121555,2020-2024
Germany,2016,Man-In-The-Middle,IT,13.21,549414,Unknown,Social Engineering,Encryption,70,24.043799393535657,2015-2019
Australia,2015,Ddos,Government,11.89,731839,Unknown,Zero-day,AI-based Detection,14,16.246742794521747,2015-2019
Brazil,2023,Sql Injection,Healthcare,76.58,626352,Hacker Group,Social Engineering,Encryption,33,122.26351955449971,2020-2024
India,2022,Ddos,Banking,92.23,626017,Unknown,Unpatched Software,Antivirus,1,147.3282674432164,2020-2024
Australia,2019,Ddos,Telecommunications,70.7,172782,Unknown,Social Engineering,VPN,2,409.1861420749847,2015-2019
France,2021,Ransomware,Government,2.39,665023,Insider,Unpatched Software,Firewall,49,3.593860663465775,2020-2024
Germany,2018,Man-In-The-Middle,Banking,89.87,15909,Nation-state,Zero-day,Antivirus,19,5649.003708592621,2015-2019
Uk,2023,Man-In-The-Middle,Banking,24.28,998547,Unknown,Weak Passwords,Antivirus,46,24.315330174743902,2020-2024
Australia,2019,Ddos,IT,58.3,76358,Nation-state,Weak Passwords,Encryption,58,763.5087351685481,2015-2019
Germany,2024,Man-In-The-Middle,IT,84.19,89704,Hacker Group,Social Engineering,Antivirus,26,938.5311691786319,2020-2024
Russia,2024,Man-In-The-Middle,Education,72.02,191361,Hacker Group,Unpatched Software,AI-based Detection,11,376.3567289050538,2020-2024
Germany,2023,Man-In-The-Middle,Government,0.61,200862,Insider,Social Engineering,Encryption,13,3.036910913960829,2020-2024
Usa,2017,Malware,Government,89.49,4966,Hacker Group,Social Engineering,AI-based Detection,41,18020.53966975433,2015-2019
Japan,2018,Phishing,Education,34.06,344674,Unknown,Weak Passwords,Antivirus,19,98.81801354323215,2015-2019
Usa,2020,Phishing,Government,37.66,449424,Unknown,Unpatched Software,Firewall,3,83.79614795827548,2020-2024
Germany,2020,Phishing,Healthcare,69.2,162807,Hacker Group,Unpatched Software,Encryption,4,425.04314925033935,2020-2024
India,2024,Ddos,Banking,47.1,21292,Insider,Social Engineering,Antivirus,10,2212.0984407289125,2020-2024
Australia,2023,Malware,Banking,25.7,993215,Nation-state,Zero-day,AI-based Detection,56,25.875565713365184,2020-2024
Australia,2017,Ddos,Banking,16.58,744201,Hacker Group,Zero-day,VPN,7,22.278927332803903,2015-2019
Japan,2017,Phishing,Banking,61.33,762300,Nation-state,Social Engineering,VPN,20,80.45388954479864,2015-2019
France,2018,Ddos,Government,14.1,764003,Insider,Zero-day,AI-based Detection,43,18.45542491325296,2015-2019
China,2019,Ddos,Banking,33.88,761910,Hacker Group,Zero-day,Antivirus,27,44.467194288039266,2015-2019
France,2023,Ransomware,IT,87.45,296050,Insider,Weak Passwords,VPN,30,295.3892923492653,2020-2024
France,2020,Malware,Government,27.43,82853,Hacker Group,Social Engineering,Encryption,67,331.06827755180865,2020-2024
Japan,2022,Sql Injection,Banking,34.03,700439,Insider,Zero-day,Encryption,41,48.583816720656614,2020-2024
Russia,2022,Sql Injection,Retail,6.61,351048,Insider,Unpatched Software,VPN,57,18.829333880267086,2020-2024
China,2020,Phishing,Retail,17.99,36963,Insider,Zero-day,VPN,54,486.7029191353516,2020-2024
France,2021,Ransomware,IT,99.77,533151,Nation-state,Zero-day,Antivirus,43,187.1327260007015,2020-2024
Germany,2018,Man-In-The-Middle,Healthcare,61.93,62185,Nation-state,Social Engineering,Encryption,32,995.8993326364879,2015-2019
Usa,2016,Ddos,Education,48.83,231299,Unknown,Unpatched Software,Encryption,58,211.11202383062616,2015-2019
Uk,2017,Sql Injection,Retail,47.99,914365,Insider,Weak Passwords,Firewall,52,52.48451110880228,2015-2019
Japan,2024,Ransomware,Retail,47.44,696953,Nation-state,Zero-day,Firewall,54,68.06771762227869,2020-2024
Russia,2015,Malware,Education,24.47,977607,Hacker Group,Zero-day,AI-based Detection,62,25.03050816943823,2015-2019
Australia,2020,Ransomware,Retail,71.03,91228,Hacker Group,Social Engineering,Antivirus,22,778.5986758451353,2020-2024
China,2016,Phishing,Government,59.95,417253,Insider,Weak Passwords,VPN,16,143.67781657651352,2015-2019
France,2021,Man-In-The-Middle,Government,44.03,60431,Hacker Group,Weak Passwords,AI-based Detection,59,728.5995598285648,2020-2024
Japan,2016,Man-In-The-Middle,Healthcare,44.69,567209,Hacker Group,Social Engineering,Antivirus,1,78.78929988769572,2015-2019
France,2015,Sql Injection,IT,70.18,596168,Nation-state,Zero-day,Encryption,15,117.71849545765623,2015-2019
Japan,2024,Malware,Telecommunications,49.88,437357,Unknown,Weak Passwords,AI-based Detection,56,114.04870620568552,2020-2024
Australia,2016,Ransomware,IT,43.88,588421,Nation-state,Unpatched Software,Encryption,72,74.57245747517509,2015-2019
Uk,2017,Phishing,IT,57.17,477292,Nation-state,Social Engineering,AI-based Detection,18,119.77992507731116,2015-2019
Germany,2018,Phishing,Education,16.76,163839,Insider,Social Engineering,Encryption,19,102.29554623746483,2015-2019
Uk,2024,Sql Injection,IT,65.06,922676,Unknown,Zero-day,VPN,6,70.51229250571164,2020-2024
Uk,2023,Malware,Education,34.66,941720,Nation-state,Zero-day,Antivirus,71,36.8049951153209,2020-2024
Germany,2019,Phishing,Government,49.71,647613,Unknown,Social Engineering,Antivirus,53,76.75880502707635,2015-2019
Australia,2016,Ransomware,Telecommunications,27.17,429456,Hacker Group,Social Engineering,VPN,28,63.2660854662643,2015-2019
India,2020,Phishing,Government,85.73,340643,Unknown,Zero-day,Firewall,72,251.67110435265073,2020-2024
France,2021,Malware,Education,55.66,21833,Hacker Group,Zero-day,Encryption,2,2549.3518985022674,2020-2024
Japan,2018,Phishing,Education,3.6,598297,Insider,Social Engineering,VPN,49,6.017078474403181,2015-2019
Australia,2023,Phishing,Retail,78.28,92925,Insider,Zero-day,VPN,53,842.3997847726662,2020-2024
Germany,2020,Sql Injection,Retail,70.09,98500,Hacker Group,Unpatched Software,Antivirus,30,711.5736040609137,2020-2024
Japan,2020,Sql Injection,IT,64.56,820070,Hacker Group,Weak Passwords,Encryption,70,78.72498689136293,2020-2024
Uk,2024,Phishing,Banking,66.65,170892,Unknown,Zero-day,AI-based Detection,47,390.0124054958688,2020-2024
Brazil,2024,Ransomware,Healthcare,60.13,887531,Hacker Group,Social Engineering,Encryption,51,67.74974620604802,2020-2024
Australia,2024,Ddos,IT,57.81,179507,Insider,Weak Passwords,VPN,8,322.048722333948,2020-2024
Russia,2023,Ddos,Banking,78.71,315219,Unknown,Social Engineering,Antivirus,30,249.69941532712178,2020-2024
Usa,2016,Phishing,Government,63.35,223827,Insider,Zero-day,Antivirus,21,283.0310909765131,2015-2019
France,2016,Ddos,Healthcare,47.01,254371,Unknown,Zero-day,Antivirus,13,184.80880289026658,2015-2019
Japan,2023,Ddos,Government,67.59,839088,Unknown,Unpatched Software,VPN,62,80.55174189119616,2020-2024
China,2017,Ddos,IT,17.49,394109,Unknown,Unpatched Software,AI-based Detection,37,44.37858561971434,2015-2019
France,2019,Ddos,IT,75.84,877224,Unknown,Unpatched Software,Encryption,57,86.45454296736068,2015-2019
Japan,2020,Phishing,Telecommunications,91.52,846884,Nation-state,Social Engineering,AI-based Detection,42,108.06674822053552,2020-2024
Uk,2020,Malware,IT,44.05,100972,Nation-state,Unpatched Software,Antivirus,54,436.25955710494,2020-2024
Uk,2017,Ddos,Education,40.18,148447,Insider,Zero-day,AI-based Detection,39,270.66899297392337,2015-2019
France,2017,Sql Injection,IT,44.56,698908,Nation-state,Zero-day,Antivirus,32,63.756603158069446,2015-2019
India,2022,Sql Injection,Government,53.89,633626,Nation-state,Social Engineering,Antivirus,54,85.05017155230372,2020-2024
Germany,2021,Malware,Government,88.01,334748,Unknown,Zero-day,Encryption,5,262.9141921684371,2020-2024
China,2023,Phishing,Banking,55.94,383589,Unknown,Weak Passwords,Firewall,7,145.8331703985255,2020-2024
Germany,2018,Ransomware,Education,90.48,901880,Unknown,Social Engineering,VPN,16,100.32376812879762,2015-2019
Russia,2018,Sql Injection,Education,40.59,598151,Nation-state,Unpatched Software,AI-based Detection,34,67.8591191856237,2015-2019
France,2016,Ddos,Banking,77.29,120341,Nation-state,Zero-day,VPN,45,642.2582494744103,2015-2019
Australia,2023,Phishing,Government,91.02,305005,Hacker Group,Zero-day,Firewall,71,298.42133735512533,2020-2024
Germany,2024,Man-In-The-Middle,Retail,46.41,494622,Hacker Group,Social Engineering,VPN,37,93.8292271674127,2020-2024
Germany,2021,Sql Injection,Banking,69.07,264662,Insider,Social Engineering,AI-based Detection,46,260.97437486303284,2020-2024
India,2021,Sql Injection,Healthcare,2.3,942089,Insider,Unpatched Software,VPN,39,2.441382926666164,2020-2024
France,2016,Man-In-The-Middle,Education,33.45,779870,Nation-state,Zero-day,Firewall,6,42.89176401195071,2015-2019
Uk,2015,Phishing,IT,15.27,407233,Insider,Unpatched Software,Antivirus,72,37.49696119911697,2015-2019
Russia,2019,Malware,Banking,98.59,148622,Nation-state,Weak Passwords,Firewall,6,663.3607406709639,2015-2019
Brazil,2023,Ransomware,Healthcare,30.45,480773,Hacker Group,Weak Passwords,Encryption,52,63.335503449652954,2020-2024
Uk,2023,Malware,IT,22.24,946994,Unknown,Zero-day,VPN,13,23.484837285135914,2020-2024
Japan,2015,Malware,Retail,9.75,559143,Nation-state,Social Engineering,VPN,69,17.437399734951523,2015-2019
Brazil,2017,Man-In-The-Middle,Education,67.55,287646,Nation-state,Social Engineering,VPN,68,234.83726524964715,2015-2019
China,2019,Sql Injection,Retail,26.97,19575,Insider,Zero-day,AI-based Detection,1,1377.7777777777778,2015-2019
China,2015,Malware,Retail,73.45,701505,Hacker Group,Social Engineering,Antivirus,36,104.70345899173918,2015-2019
China,2021,Ransomware,Retail,40.01,998728,Unknown,Weak Passwords,AI-based Detection,68,40.06095753798832,2020-2024
France,2021,Sql Injection,Telecommunications,52.67,434504,Unknown,Social Engineering,AI-based Detection,46,121.21867692817557,2020-2024
Australia,2021,Ransomware,Retail,61.46,860546,Unknown,Zero-day,AI-based Detection,22,71.41977302782188,2020-2024
Brazil,2020,Sql Injection,Education,62.72,827349,Nation-state,Unpatched Software,VPN,68,75.8083952479546,2020-2024
Japan,2018,Ddos,IT,2.65,145427,Nation-state,Social Engineering,VPN,28,18.222200829282045,2015-2019
Russia,2022,Malware,Government,33.8,613718,Unknown,Unpatched Software,AI-based Detection,60,55.074154579138956,2020-2024
Australia,2018,Phishing,IT,61.47,239301,Unknown,Social Engineering,Antivirus,22,256.8731430290722,2015-2019
China,2017,Phishing,Education,16.82,848597,Hacker Group,Weak Passwords,AI-based Detection,11,19.820951523514694,2015-2019
Japan,2020,Man-In-The-Middle,Banking,73.85,278424,Nation-state,Zero-day,Encryption,9,265.2429388271126,2020-2024
Russia,2015,Ddos,Government,97.4,23096,Unknown,Weak Passwords,Firewall,38,4217.1804641496365,2015-2019
Russia,2022,Phishing,Education,33.49,68371,Nation-state,Unpatched Software,Firewall,57,489.8275584677715,2020-2024
China,2023,Ransomware,Healthcare,62.21,534686,Insider,Unpatched Software,AI-based Detection,44,116.3486607092761,2020-2024
China,2019,Man-In-The-Middle,Education,75.86,985505,Unknown,Social Engineering,Encryption,26,76.97576369475549,2015-2019
Usa,2015,Ddos,Banking,98.39,306320,Insider,Unpatched Software,AI-based Detection,41,321.200052232959,2015-2019
Japan,2023,Ddos,Government,17.69,799380,Unknown,Weak Passwords,AI-based Detection,57,22.12965047912132,2020-2024
Usa,2023,Ddos,IT,55.14,529551,Unknown,Zero-day,VPN,61,104.12594820895438,2020-2024
Australia,2024,Ddos,IT,82.49,102295,Unknown,Weak Passwords,VPN,46,806.3932743535852,2020-2024
Australia,2022,Phishing,Banking,64.07,800131,Unknown,Zero-day,AI-based Detection,69,80.07438781899464,2020-2024
Uk,2015,Ransomware,Banking,32.0,712739,Nation-state,Weak Passwords,Antivirus,17,44.897220441143254,2015-2019
Russia,2018,Phishing,Telecommunications,39.15,814119,Hacker Group,Weak Passwords,Firewall,64,48.08879291602333,2015-2019
India,2018,Sql Injection,Education,12.44,599905,Nation-state,Social Engineering,VPN,13,20.73661663096657,2015-2019
France,2017,Ddos,Healthcare,5.07,65117,Unknown,Social Engineering,Firewall,3,77.85985226592135,2015-2019
Usa,2023,Phishing,Telecommunications,6.18,591348,Nation-state,Weak Passwords,Encryption,55,10.450699080744334,2020-2024
Japan,2023,Phishing,Retail,55.7,53447,Insider,Unpatched Software,AI-based Detection,43,1042.1539094804198,2020-2024
Germany,2024,Malware,IT,47.13,471379,Unknown,Unpatched Software,AI-based Detection,67,99.98324066197264,2020-2024
Russia,2017,Sql Injection,Banking,76.84,883919,Hacker Group,Social Engineering,VPN,8,86.93104232401386,2015-2019
Germany,2021,Malware,Telecommunications,78.46,606940,Insider,Social Engineering,AI-based Detection,32,129.271427159192,2020-2024
India,2018,Man-In-The-Middle,Healthcare,56.88,416331,Hacker Group,Unpatched Software,Encryption,62,136.6220627337383,2015-2019
Russia,2019,Phishing,Banking,58.38,826778,Insider,Zero-day,AI-based Detection,59,70.61145797299879,2015-2019
China,2022,Ransomware,Healthcare,71.36,712697,Insider,Unpatched Software,AI-based Detection,39,100.12670181016617,2020-2024
Uk,2023,Man-In-The-Middle,Government,48.19,450891,Nation-state,Social Engineering,Encryption,32,106.87727189054561,2020-2024
Russia,2016,Phishing,Healthcare,13.91,600700,Hacker Group,Zero-day,Firewall,28,23.15631762943233,2015-2019
Brazil,2019,Ddos,Education,44.51,119319,Nation-state,Zero-day,Firewall,9,373.0336325312817,2015-2019
Uk,2017,Ransomware,Healthcare,55.45,490818,Hacker Group,Unpatched Software,VPN,65,112.97466678076191,2015-2019
Germany,2024,Ransomware,Telecommunications,17.92,155170,Insider,Zero-day,VPN,15,115.48624089708062,2020-2024
France,2017,Malware,Healthcare,41.37,783899,Hacker Group,Social Engineering,AI-based Detection,29,52.7746559186834,2015-2019
China,2020,Malware,Healthcare,24.78,275619,Nation-state,Weak Passwords,Antivirus,4,89.90671905782983,2020-2024
India,2024,Sql Injection,IT,8.85,746862,Nation-state,Unpatched Software,Encryption,51,11.84957863701728,2020-2024
India,2024,Sql Injection,Government,28.13,244429,Hacker Group,Zero-day,AI-based Detection,8,115.08454397800588,2020-2024
Russia,2016,Sql Injection,Government,52.59,287446,Hacker Group,Unpatched Software,Encryption,56,182.95610305935725,2015-2019
France,2023,Ddos,Retail,79.86,966469,Nation-state,Social Engineering,Antivirus,43,82.63068965481563,2020-2024
Australia,2021,Ddos,IT,47.83,126709,Unknown,Weak Passwords,Antivirus,45,377.47910566731645,2020-2024
Brazil,2019,Malware,IT,54.26,883977,Nation-state,Unpatched Software,Antivirus,47,61.38168753259417,2015-2019
Australia,2023,Sql Injection,Retail,78.57,805183,Unknown,Weak Passwords,VPN,37,97.58030162087377,2020-2024
Australia,2021,Malware,Telecommunications,77.63,434446,Unknown,Social Engineering,Encryption,28,178.6873397384255,2020-2024
France,2019,Ransomware,Education,2.27,63872,Nation-state,Unpatched Software,Firewall,55,35.539829659318634,2015-2019
France,2022,Ransomware,Education,59.0,131307,Hacker Group,Weak Passwords,AI-based Detection,46,449.32867250032365,2020-2024
Australia,2018,Ddos,Telecommunications,25.07,732072,Hacker Group,Social Engineering,Firewall,35,34.245265493011615,2015-2019
India,2016,Ransomware,IT,43.65,340213,Nation-state,Zero-day,Antivirus,15,128.30197552709626,2015-2019
China,2021,Phishing,Retail,41.97,617987,Insider,Social Engineering,Antivirus,23,67.91404997192498,2020-2024
India,2024,Malware,Government,56.13,629293,Insider,Weak Passwords,VPN,69,89.19533508238611,2020-2024
Russia,2019,Sql Injection,Healthcare,92.69,979308,Nation-state,Social Engineering,Firewall,10,94.64846605970747,2015-2019
France,2024,Phishing,Healthcare,14.38,278126,Unknown,Social Engineering,Antivirus,30,51.703184887425124,2020-2024
Usa,2016,Man-In-The-Middle,Banking,57.26,852868,Unknown,Unpatched Software,Firewall,8,67.13817378539234,2015-2019
Brazil,2019,Phishing,Retail,35.61,43771,Nation-state,Zero-day,Encryption,49,813.5523520138905,2015-2019
China,2015,Sql Injection,Education,40.68,90689,Nation-state,Weak Passwords,Antivirus,40,448.5659782333028,2015-2019
France,2024,Sql Injection,Healthcare,31.91,931787,Hacker Group,Unpatched Software,Firewall,15,34.24602403768243,2020-2024
Germany,2017,Ddos,Education,98.61,992029,Nation-state,Unpatched Software,VPN,26,99.40233602041876,2015-2019
Usa,2021,Ransomware,Government,72.24,283947,Hacker Group,Unpatched Software,AI-based Detection,72,254.413675791609,2020-2024
India,2018,Malware,Banking,20.76,68718,Insider,Social Engineering,Encryption,47,302.10425216100583,2015-2019
Australia,2016,Ddos,Education,93.39,630087,Nation-state,Social Engineering,VPN,72,148.21762708959238,2015-2019
Germany,2019,Ddos,Telecommunications,52.17,481252,Hacker Group,Weak Passwords,Antivirus,48,108.40474429197177,2015-2019
France,2021,Ransomware,IT,58.86,935319,Nation-state,Social Engineering,Antivirus,25,62.93040128555071,2020-2024
Russia,2018,Malware,Banking,23.14,159475,Insider,Zero-day,Encryption,19,145.10111302712025,2015-2019
Japan,2017,Ddos,Healthcare,90.38,316136,Hacker Group,Zero-day,VPN,22,285.8896171268062,2015-2019
Germany,2019,Ddos,IT,71.08,445129,Insider,Unpatched Software,Antivirus,19,159.68404664715172,2015-2019
Brazil,2020,Ddos,Healthcare,53.42,545588,Insider,Unpatched Software,Antivirus,54,97.91271069011782,2020-2024
Uk,2023,Sql Injection,Healthcare,22.8,3315,Nation-state,Unpatched Software,Antivirus,41,6877.828054298642,2020-2024
Germany,2023,Ransomware,Retail,89.71,919427,Nation-state,Weak Passwords,AI-based Detection,51,97.57163972778699,2020-2024
Australia,2015,Phishing,Banking,99.2,666877,Nation-state,Weak Passwords,Antivirus,28,148.7530684069176,2015-2019
Japan,2017,Ransomware,Telecommunications,49.72,578125,Insider,Social Engineering,Firewall,71,86.00216216216216,2015-2019
Russia,2015,Man-In-The-Middle,Government,13.26,616547,Hacker Group,Zero-day,AI-based Detection,22,21.5068761992192,2015-2019
Germany,2016,Ddos,Government,26.97,976849,Hacker Group,Weak Passwords,VPN,12,27.609180129170426,2015-2019
Russia,2024,Ransomware,Government,60.69,931196,Unknown,Social Engineering,AI-based Detection,27,65.17424903027934,2020-2024
China,2017,Phishing,Banking,38.69,240400,Unknown,Weak Passwords,Encryption,10,160.94009983361065,2015-2019
Usa,2022,Ddos,IT,74.59,281698,Insider,Social Engineering,Encryption,18,264.7871124395629,2020-2024
Uk,2015,Ddos,Retail,94.19,145401,Insider,Unpatched Software,Antivirus,14,647.7947194310906,2015-2019
Uk,2018,Sql Injection,Retail,85.18,918201,Insider,Zero-day,Encryption,35,92.76835899764866,2015-2019
Russia,2017,Malware,Healthcare,42.4,71213,Nation-state,Social Engineering,Firewall,58,595.3969078679455,2015-2019
Usa,2022,Ransomware,Banking,34.58,322611,Unknown,Unpatched Software,VPN,16,107.1879136173286,2020-2024
Russia,2023,Sql Injection,Telecommunications,48.84,680011,Insider,Unpatched Software,Encryption,66,71.82236757934798,2020-2024
Uk,2016,Sql Injection,Healthcare,63.93,165204,Hacker Group,Social Engineering,Encryption,18,386.9761022735527,2015-2019
Germany,2021,Sql Injection,Education,55.5,693497,Nation-state,Unpatched Software,Antivirus,56,80.02918541824982,2020-2024
Australia,2022,Malware,Telecommunications,32.6,363166,Unknown,Unpatched Software,Antivirus,38,89.76611246647539,2020-2024
Russia,2017,Ransomware,Retail,52.79,942824,Nation-state,Social Engineering,Antivirus,68,55.991362120607874,2015-2019
Russia,2020,Ransomware,IT,36.9,809153,Nation-state,Social Engineering,AI-based Detection,48,45.603241908514214,2020-2024
Brazil,2016,Ransomware,Education,5.51,740421,Unknown,Social Engineering,Encryption,59,7.441712215077638,2015-2019
Usa,2024,Malware,Retail,52.2,579778,Nation-state,Zero-day,Firewall,57,90.03446146628536,2020-2024
Russia,2017,Malware,IT,68.12,627616,Insider,Zero-day,Firewall,29,108.53770458369449,2015-2019
France,2017,Sql Injection,Government,36.09,696801,Insider,Zero-day,VPN,32,51.793840709183826,2015-2019
Russia,2019,Ddos,Healthcare,68.1,819663,Unknown,Zero-day,Encryption,5,83.08292554379055,2015-2019
Russia,2020,Sql Injection,Government,10.46,778573,Unknown,Zero-day,Encryption,62,13.434835269139823,2020-2024
Brazil,2020,Malware,Telecommunications,23.21,850214,Unknown,Social Engineering,Antivirus,45,27.299009425862195,2020-2024
China,2018,Sql Injection,Government,1.89,83376,Insider,Unpatched Software,Firewall,62,22.66839378238342,2015-2019
Russia,2020,Ransomware,Telecommunications,48.68,459635,Insider,Unpatched Software,Antivirus,49,105.91012433778977,2020-2024
India,2021,Ransomware,Government,9.54,386911,Insider,Social Engineering,Antivirus,33,24.656833225212,2020-2024
China,2021,Phishing,Telecommunications,76.26,756305,Nation-state,Weak Passwords,VPN,45,100.83233616067592,2020-2024
China,2020,Phishing,IT,55.06,743177,Hacker Group,Unpatched Software,Antivirus,21,74.0873304744361,2020-2024
Japan,2022,Malware,Education,17.3,893060,Unknown,Social Engineering,Encryption,19,19.37159877275883,2020-2024
Germany,2023,Malware,Government,69.39,358933,Nation-state,Zero-day,Antivirus,3,193.32298785567224,2020-2024
India,2019,Phishing,Government,8.93,725325,Insider,Zero-day,Firewall,16,12.311722331368697,2015-2019
France,2015,Ransomware,IT,74.03,597723,Unknown,Zero-day,Encryption,48,123.85335682247462,2015-2019
China,2024,Phishing,Retail,11.72,311675,Unknown,Weak Passwords,Firewall,18,37.60327263976899,2020-2024
Japan,2020,Ransomware,Government,21.92,74407,Unknown,Unpatched Software,Antivirus,48,294.5959385541683,2020-2024
Russia,2016,Malware,Government,37.07,138915,Hacker Group,Weak Passwords,VPN,44,266.85383147968184,2015-2019
Russia,2022,Ddos,Banking,84.09,153829,Hacker Group,Weak Passwords,VPN,6,546.6459510235392,2020-2024
Japan,2015,Phishing,Education,58.86,587851,Nation-state,Social Engineering,Encryption,6,100.12741323906909,2015-2019
Russia,2015,Malware,Government,54.59,728308,Unknown,Zero-day,Firewall,10,74.9545521949505,2015-2019
France,2019,Malware,Retail,71.84,471898,Hacker Group,Social Engineering,VPN,55,152.2362883504486,2015-2019
Russia,2019,Sql Injection,Telecommunications,14.15,639630,Insider,Unpatched Software,Encryption,31,22.122164376280036,2015-2019
Uk,2023,Malware,Retail,28.79,6691,Hacker Group,Zero-day,VPN,57,4302.794798983709,2020-2024
Russia,2015,Ransomware,Retail,46.96,672033,Hacker Group,Social Engineering,Antivirus,2,69.87752089555126,2015-2019
Usa,2016,Sql Injection,Healthcare,98.03,719415,Nation-state,Unpatched Software,Firewall,56,136.26349186491802,2015-2019
Germany,2022,Malware,Telecommunications,92.53,727509,Insider,Zero-day,AI-based Detection,67,127.18742998368405,2020-2024
France,2021,Sql Injection,Banking,78.89,704427,Hacker Group,Zero-day,VPN,30,111.99173228737683,2020-2024
India,2018,Sql Injection,Government,80.0,147384,Unknown,Zero-day,Firewall,54,542.7997611681051,2015-2019
Brazil,2015,Ransomware,Banking,63.14,545908,Insider,Social Engineering,AI-based Detection,2,115.66051422584025,2015-2019
Russia,2022,Sql Injection,IT,2.1,354694,Insider,Weak Passwords,Encryption,18,5.920596345018523,2020-2024
India,2019,Ddos,Banking,14.98,849664,Unknown,Social Engineering,Antivirus,40,17.63049864416993,2015-2019
France,2024,Sql Injection,Government,9.91,248359,Nation-state,Weak Passwords,Firewall,58,39.90191617779102,2020-2024
India,2023,Man-In-The-Middle,Retail,12.96,254903,Unknown,Social Engineering,Firewall,4,50.84286964060839,2020-2024
Brazil,2016,Man-In-The-Middle,Education,19.59,647998,Insider,Weak Passwords,AI-based Detection,38,30.231574788811077,2015-2019
India,2022,Phishing,IT,37.76,800909,Nation-state,Zero-day,Antivirus,53,47.14642986906128,2020-2024
Japan,2015,Man-In-The-Middle,Telecommunications,95.8,23469,Insider,Zero-day,Firewall,64,4081.980484894968,2015-2019
France,2017,Phishing,Healthcare,4.87,388325,Nation-state,Social Engineering,AI-based Detection,39,12.541041653254362,2015-2019
Russia,2018,Ddos,Retail,64.39,359124,Insider,Unpatched Software,AI-based Detection,13,179.29740145465075,2015-2019
India,2023,Malware,Healthcare,70.36,992014,Insider,Social Engineering,Encryption,62,70.92641837716,2020-2024
China,2022,Malware,Education,35.05,596468,Insider,Unpatched Software,VPN,29,58.762582401738236,2020-2024
Germany,2015,Ransomware,Healthcare,58.91,801948,Insider,Zero-day,VPN,55,73.45862824023503,2015-2019
China,2015,Sql Injection,Healthcare,24.07,950991,Nation-state,Social Engineering,Encryption,49,25.310439320666546,2015-2019
Germany,2017,Man-In-The-Middle,Healthcare,97.14,875912,Insider,Unpatched Software,Firewall,33,110.90155175405748,2015-2019
Australia,2024,Ddos,Telecommunications,36.49,35041,Hacker Group,Social Engineering,Antivirus,14,1041.3515596016096,2020-2024
Germany,2021,Malware,Retail,43.99,431678,Insider,Unpatched Software,Encryption,60,101.90466041818208,2020-2024
Russia,2023,Sql Injection,Telecommunications,79.71,358439,Insider,Unpatched Software,Antivirus,48,222.3809351102977,2020-2024
Brazil,2015,Malware,Healthcare,88.08,905770,Nation-state,Zero-day,VPN,9,97.24322951742717,2015-2019
Australia,2021,Ransomware,Healthcare,37.89,843256,Nation-state,Unpatched Software,Antivirus,43,44.93297409090478,2020-2024
Usa,2022,Sql Injection,IT,37.94,691377,Hacker Group,Social Engineering,Antivirus,44,54.87599384995451,2020-2024
Brazil,2021,Ransomware,Education,18.11,849791,Nation-state,Unpatched Software,VPN,53,21.311122381856244,2020-2024
France,2015,Phishing,Telecommunications,65.16,998011,Unknown,Zero-day,Encryption,14,65.2898615345923,2015-2019
Russia,2019,Ransomware,Banking,28.14,594170,Nation-state,Social Engineering,AI-based Detection,53,47.36018311257721,2015-2019
Uk,2021,Malware,Banking,60.14,191427,Nation-state,Zero-day,Encryption,56,314.16675808532756,2020-2024
Germany,2017,Sql Injection,Education,54.98,786577,Insider,Unpatched Software,Firewall,70,69.89779767270083,2015-2019
Germany,2019,Ransomware,Government,58.6,76066,Insider,Unpatched Software,AI-based Detection,8,770.3836142297479,2015-2019
Uk,2021,Ransomware,Government,51.42,190694,Unknown,Social Engineering,Firewall,52,269.6466590453816,2020-2024
Brazil,2023,Sql Injection,Telecommunications,30.28,892843,Hacker Group,Zero-day,VPN,26,33.91413719993324,2020-2024
Brazil,2017,Sql Injection,IT,32.97,734737,Nation-state,Weak Passwords,AI-based Detection,30,44.87319952581672,2015-2019
Uk,2022,Sql Injection,IT,32.17,379954,Insider,Unpatched Software,Firewall,9,84.66814403848888,2020-2024
Germany,2021,Sql Injection,Retail,48.2,480984,Unknown,Zero-day,VPN,64,100.21123363770936,2020-2024
